dataset,family,linker_aa,repeat_count,condition,fret_percent,source_file,source_sheet,source_row,length_cell,fret_cell
environment,GPGGA,5,1,vitro,69.89,elife-33927-fig1-data1-v1.xlsx,Figure 1G,4,C4,D4
environment,GPGGA,5,1,vitro,62.28,elife-33927-fig1-data1-v1.xlsx,Figure 1G,5,C5,D5
environment,GPGGA,5,1,vitro,66.92,elife-33927-fig1-data1-v1.xlsx,Figure 1G,6,C6,D6
environment,GPGGA,5,1,vitro,63.75999999999999,elife-33927-fig1-data1-v1.xlsx,Figure 1G,7,C7,D7
environment,GPGGA,5,1,vitro,64.44,elife-33927-fig1-data1-v1.xlsx,Figure 1G,8,C8,D8
environment,GPGGA,5,1,vitro,66.42,elife-33927-fig1-data1-v1.xlsx,Figure 1G,9,C9,D9
environment,GPGGA,5,1,vitro,65.66,elife-33927-fig1-data1-v1.xlsx,Figure 1G,10,C10,D10
environment,GPGGA,5,1,vitro,67.21000000000001,elife-33927-fig1-data1-v1.xlsx,Figure 1G,11,C11,D11
environment,GPGGA,5,1,vitro,65.4,elife-33927-fig1-data1-v1.xlsx,Figure 1G,12,C12,D12
environment,GPGGA,10,2,vitro,56.97,elife-33927-fig1-data1-v1.xlsx,Figure 1G,13,C13,D13
environment,GPGGA,10,2,vitro,60.83,elife-33927-fig1-data1-v1.xlsx,Figure 1G,14,C14,D14
environment,GPGGA,10,2,vitro,59.209999999999994,elife-33927-fig1-data1-v1.xlsx,Figure 1G,15,C15,D15
environment,GPGGA,10,2,vitro,55.60000000000001,elife-33927-fig1-data1-v1.xlsx,Figure 1G,16,C16,D16
environment,GPGGA,10,2,vitro,59.11,elife-33927-fig1-data1-v1.xlsx,Figure 1G,17,C17,D17
environment,GPGGA,10,2,vitro,58.42,elife-33927-fig1-data1-v1.xlsx,Figure 1G,18,C18,D18
environment,GPGGA,10,2,vitro,58.620000000000005,elife-33927-fig1-data1-v1.xlsx,Figure 1G,19,C19,D19
environment,GPGGA,10,2,vitro,61.39,elife-33927-fig1-data1-v1.xlsx,Figure 1G,20,C20,D20
environment,GPGGA,10,2,vitro,57.9,elife-33927-fig1-data1-v1.xlsx,Figure 1G,21,C21,D21
environment,GPGGA,15,3,vitro,57.64,elife-33927-fig1-data1-v1.xlsx,Figure 1G,22,C22,D22
environment,GPGGA,15,3,vitro,55.17999999999999,elife-33927-fig1-data1-v1.xlsx,Figure 1G,23,C23,D23
environment,GPGGA,15,3,vitro,53.620000000000005,elife-33927-fig1-data1-v1.xlsx,Figure 1G,24,C24,D24
environment,GPGGA,15,3,vitro,53.010000000000005,elife-33927-fig1-data1-v1.xlsx,Figure 1G,25,C25,D25
environment,GPGGA,15,3,vitro,55.279999999999994,elife-33927-fig1-data1-v1.xlsx,Figure 1G,26,C26,D26
environment,GPGGA,15,3,vitro,55.42,elife-33927-fig1-data1-v1.xlsx,Figure 1G,27,C27,D27
environment,GPGGA,15,3,vitro,54.64,elife-33927-fig1-data1-v1.xlsx,Figure 1G,28,C28,D28
environment,GPGGA,15,3,vitro,52.87,elife-33927-fig1-data1-v1.xlsx,Figure 1G,29,C29,D29
environment,GPGGA,20,4,vitro,49.84,elife-33927-fig1-data1-v1.xlsx,Figure 1G,30,C30,D30
environment,GPGGA,20,4,vitro,42.78,elife-33927-fig1-data1-v1.xlsx,Figure 1G,31,C31,D31
environment,GPGGA,20,4,vitro,50.09,elife-33927-fig1-data1-v1.xlsx,Figure 1G,32,C32,D32
environment,GPGGA,20,4,vitro,51.24999999999999,elife-33927-fig1-data1-v1.xlsx,Figure 1G,33,C33,D33
environment,GPGGA,20,4,vitro,51.35999999999999,elife-33927-fig1-data1-v1.xlsx,Figure 1G,34,C34,D34
environment,GPGGA,20,4,vitro,50.62,elife-33927-fig1-data1-v1.xlsx,Figure 1G,35,C35,D35
environment,GPGGA,20,4,vitro,53.11,elife-33927-fig1-data1-v1.xlsx,Figure 1G,36,C36,D36
environment,GPGGA,25,5,vitro,48.699999999999996,elife-33927-fig1-data1-v1.xlsx,Figure 1G,37,C37,D37
environment,GPGGA,25,5,vitro,48.61,elife-33927-fig1-data1-v1.xlsx,Figure 1G,38,C38,D38
environment,GPGGA,25,5,vitro,48.29,elife-33927-fig1-data1-v1.xlsx,Figure 1G,39,C39,D39
environment,GPGGA,25,5,vitro,49.32,elife-33927-fig1-data1-v1.xlsx,Figure 1G,40,C40,D40
environment,GPGGA,25,5,vitro,49.059999999999995,elife-33927-fig1-data1-v1.xlsx,Figure 1G,41,C41,D41
environment,GPGGA,25,5,vitro,49.33,elife-33927-fig1-data1-v1.xlsx,Figure 1G,42,C42,D42
environment,GPGGA,25,5,vitro,49.02,elife-33927-fig1-data1-v1.xlsx,Figure 1G,43,C43,D43
environment,GPGGA,25,5,vitro,49.58,elife-33927-fig1-data1-v1.xlsx,Figure 1G,44,C44,D44
environment,GPGGA,30,6,vitro,47.04,elife-33927-fig1-data1-v1.xlsx,Figure 1G,45,C45,D45
environment,GPGGA,30,6,vitro,42.25,elife-33927-fig1-data1-v1.xlsx,Figure 1G,46,C46,D46
environment,GPGGA,30,6,vitro,41.42,elife-33927-fig1-data1-v1.xlsx,Figure 1G,47,C47,D47
environment,GPGGA,30,6,vitro,42.46,elife-33927-fig1-data1-v1.xlsx,Figure 1G,48,C48,D48
environment,GPGGA,30,6,vitro,44.230000000000004,elife-33927-fig1-data1-v1.xlsx,Figure 1G,49,C49,D49
environment,GPGGA,30,6,vitro,43.26,elife-33927-fig1-data1-v1.xlsx,Figure 1G,50,C50,D50
environment,GPGGA,30,6,vitro,44.35,elife-33927-fig1-data1-v1.xlsx,Figure 1G,51,C51,D51
environment,GPGGA,35,7,vitro,44.34,elife-33927-fig1-data1-v1.xlsx,Figure 1G,52,C52,D52
environment,GPGGA,35,7,vitro,33.589999999999996,elife-33927-fig1-data1-v1.xlsx,Figure 1G,53,C53,D53
environment,GPGGA,35,7,vitro,45.01,elife-33927-fig1-data1-v1.xlsx,Figure 1G,54,C54,D54
environment,GPGGA,35,7,vitro,44.519999999999996,elife-33927-fig1-data1-v1.xlsx,Figure 1G,55,C55,D55
environment,GPGGA,35,7,vitro,44.330000000000005,elife-33927-fig1-data1-v1.xlsx,Figure 1G,56,C56,D56
environment,GPGGA,35,7,vitro,43.63,elife-33927-fig1-data1-v1.xlsx,Figure 1G,57,C57,D57
environment,GPGGA,35,7,vitro,46.17,elife-33927-fig1-data1-v1.xlsx,Figure 1G,58,C58,D58
environment,GPGGA,35,7,vitro,44.330000000000005,elife-33927-fig1-data1-v1.xlsx,Figure 1G,59,C59,D59
environment,GGSGGS,6,1,vitro,68.71000000000001,elife-33927-fig1-data1-v1.xlsx,Figure 1G,4,I4,J4
environment,GGSGGS,6,1,vitro,66.61,elife-33927-fig1-data1-v1.xlsx,Figure 1G,5,I5,J5
environment,GGSGGS,6,1,vitro,63.480000000000004,elife-33927-fig1-data1-v1.xlsx,Figure 1G,6,I6,J6
environment,GGSGGS,6,1,vitro,62.949999999999996,elife-33927-fig1-data1-v1.xlsx,Figure 1G,7,I7,J7
environment,GGSGGS,6,1,vitro,63.94,elife-33927-fig1-data1-v1.xlsx,Figure 1G,8,I8,J8
environment,GGSGGS,12,2,vitro,61.36000000000001,elife-33927-fig1-data1-v1.xlsx,Figure 1G,9,I9,J9
environment,GGSGGS,12,2,vitro,70.50999999999999,elife-33927-fig1-data1-v1.xlsx,Figure 1G,10,I10,J10
environment,GGSGGS,12,2,vitro,71.05,elife-33927-fig1-data1-v1.xlsx,Figure 1G,11,I11,J11
environment,GGSGGS,12,2,vitro,66.86,elife-33927-fig1-data1-v1.xlsx,Figure 1G,12,I12,J12
environment,GGSGGS,12,2,vitro,66.73,elife-33927-fig1-data1-v1.xlsx,Figure 1G,13,I13,J13
environment,GGSGGS,18,3,vitro,56.00000000000001,elife-33927-fig1-data1-v1.xlsx,Figure 1G,14,I14,J14
environment,GGSGGS,18,3,vitro,61.35,elife-33927-fig1-data1-v1.xlsx,Figure 1G,15,I15,J15
environment,GGSGGS,18,3,vitro,70.99,elife-33927-fig1-data1-v1.xlsx,Figure 1G,16,I16,J16
environment,GGSGGS,18,3,vitro,63.62,elife-33927-fig1-data1-v1.xlsx,Figure 1G,17,I17,J17
environment,GGSGGS,18,3,vitro,63.93,elife-33927-fig1-data1-v1.xlsx,Figure 1G,18,I18,J18
environment,GGSGGS,18,3,vitro,64.94,elife-33927-fig1-data1-v1.xlsx,Figure 1G,19,I19,J19
environment,GGSGGS,18,3,vitro,64.68,elife-33927-fig1-data1-v1.xlsx,Figure 1G,20,I20,J20
environment,GGSGGS,24,4,vitro,51.44,elife-33927-fig1-data1-v1.xlsx,Figure 1G,21,I21,J21
environment,GGSGGS,24,4,vitro,56.63,elife-33927-fig1-data1-v1.xlsx,Figure 1G,22,I22,J22
environment,GGSGGS,24,4,vitro,59.809999999999995,elife-33927-fig1-data1-v1.xlsx,Figure 1G,23,I23,J23
environment,GGSGGS,24,4,vitro,57.220000000000006,elife-33927-fig1-data1-v1.xlsx,Figure 1G,24,I24,J24
environment,GGSGGS,24,4,vitro,57.21000000000001,elife-33927-fig1-data1-v1.xlsx,Figure 1G,25,I25,J25
environment,GGSGGS,24,4,vitro,60.36,elife-33927-fig1-data1-v1.xlsx,Figure 1G,26,I26,J26
environment,GGSGGS,24,4,vitro,60.47,elife-33927-fig1-data1-v1.xlsx,Figure 1G,27,I27,J27
environment,GGSGGS,30,5,vitro,49.93,elife-33927-fig1-data1-v1.xlsx,Figure 1G,28,I28,J28
environment,GGSGGS,30,5,vitro,58.47,elife-33927-fig1-data1-v1.xlsx,Figure 1G,29,I29,J29
environment,GGSGGS,30,5,vitro,58.120000000000005,elife-33927-fig1-data1-v1.xlsx,Figure 1G,30,I30,J30
environment,GGSGGS,30,5,vitro,56.34,elife-33927-fig1-data1-v1.xlsx,Figure 1G,31,I31,J31
environment,GGSGGS,30,5,vitro,56.98,elife-33927-fig1-data1-v1.xlsx,Figure 1G,32,I32,J32
environment,GGSGGS,30,5,vitro,57.730000000000004,elife-33927-fig1-data1-v1.xlsx,Figure 1G,33,I33,J33
environment,GGSGGS,30,5,vitro,58.620000000000005,elife-33927-fig1-data1-v1.xlsx,Figure 1G,34,I34,J34
environment,GGSGGS,36,6,vitro,49.54,elife-33927-fig1-data1-v1.xlsx,Figure 1G,35,I35,J35
environment,GGSGGS,36,6,vitro,47.23,elife-33927-fig1-data1-v1.xlsx,Figure 1G,36,I36,J36
environment,GGSGGS,36,6,vitro,45.76,elife-33927-fig1-data1-v1.xlsx,Figure 1G,37,I37,J37
environment,GGSGGS,36,6,vitro,44.39,elife-33927-fig1-data1-v1.xlsx,Figure 1G,38,I38,J38
environment,GGSGGS,36,6,vitro,43.4,elife-33927-fig1-data1-v1.xlsx,Figure 1G,39,I39,J39
environment,GGSGGS,42,7,vitro,49.6,elife-33927-fig1-data1-v1.xlsx,Figure 1G,40,I40,J40
environment,GGSGGS,42,7,vitro,53.5,elife-33927-fig1-data1-v1.xlsx,Figure 1G,41,I41,J41
environment,GGSGGS,42,7,vitro,56.19,elife-33927-fig1-data1-v1.xlsx,Figure 1G,42,I42,J42
environment,GGSGGS,42,7,vitro,56.04,elife-33927-fig1-data1-v1.xlsx,Figure 1G,43,I43,J43
environment,GGSGGS,42,7,vitro,52.23,elife-33927-fig1-data1-v1.xlsx,Figure 1G,44,I44,J44
environment,GGSGGS,42,7,vitro,58.51,elife-33927-fig1-data1-v1.xlsx,Figure 1G,45,I45,J45
environment,GGSGGS,42,7,vitro,57.74,elife-33927-fig1-data1-v1.xlsx,Figure 1G,46,I46,J46
environment,GGSGGS,48,8,vitro,41.63,elife-33927-fig1-data1-v1.xlsx,Figure 1G,47,I47,J47
environment,GGSGGS,48,8,vitro,49.27,elife-33927-fig1-data1-v1.xlsx,Figure 1G,48,I48,J48
environment,GGSGGS,48,8,vitro,50.57000000000001,elife-33927-fig1-data1-v1.xlsx,Figure 1G,49,I49,J49
environment,GGSGGS,48,8,vitro,55.400000000000006,elife-33927-fig1-data1-v1.xlsx,Figure 1G,50,I50,J50
environment,GGSGGS,48,8,vitro,44.24,elife-33927-fig1-data1-v1.xlsx,Figure 1G,51,I51,J51
environment,GGSGGS,54,9,vitro,41.79,elife-33927-fig1-data1-v1.xlsx,Figure 1G,52,I52,J52
environment,GGSGGS,54,9,vitro,50.36000000000001,elife-33927-fig1-data1-v1.xlsx,Figure 1G,53,I53,J53
environment,GGSGGS,54,9,vitro,47.89,elife-33927-fig1-data1-v1.xlsx,Figure 1G,54,I54,J54
environment,GGSGGS,54,9,vitro,47.42,elife-33927-fig1-data1-v1.xlsx,Figure 1G,55,I55,J55
environment,GGSGGS,54,9,vitro,47.78,elife-33927-fig1-data1-v1.xlsx,Figure 1G,56,I56,J56
environment,GGSGGS,54,9,vitro,50.63999999999999,elife-33927-fig1-data1-v1.xlsx,Figure 1G,57,I57,J57
environment,GGSGGS,54,9,vitro,47.49,elife-33927-fig1-data1-v1.xlsx,Figure 1G,58,I58,J58
environment,GPGGA,10,2,cell,65.4589526,elife-33927-fig1-data1-v1.xlsx,Figure 1H,4,C4,D4
environment,GPGGA,10,2,cell,43.1926412,elife-33927-fig1-data1-v1.xlsx,Figure 1H,5,C5,D5
environment,GPGGA,10,2,cell,49.419043,elife-33927-fig1-data1-v1.xlsx,Figure 1H,6,C6,D6
environment,GPGGA,10,2,cell,55.08155260000001,elife-33927-fig1-data1-v1.xlsx,Figure 1H,7,C7,D7
environment,GPGGA,10,2,cell,60.9198265,elife-33927-fig1-data1-v1.xlsx,Figure 1H,8,C8,D8
environment,GPGGA,10,2,cell,61.9647774,elife-33927-fig1-data1-v1.xlsx,Figure 1H,9,C9,D9
environment,GPGGA,10,2,cell,63.746944299999996,elife-33927-fig1-data1-v1.xlsx,Figure 1H,10,C10,D10
environment,GPGGA,10,2,cell,61.857985400000004,elife-33927-fig1-data1-v1.xlsx,Figure 1H,11,C11,D11
environment,GPGGA,10,2,cell,61.6754002,elife-33927-fig1-data1-v1.xlsx,Figure 1H,12,C12,D12
environment,GPGGA,10,2,cell,63.25650269999999,elife-33927-fig1-data1-v1.xlsx,Figure 1H,13,C13,D13
environment,GPGGA,10,2,cell,62.4657075,elife-33927-fig1-data1-v1.xlsx,Figure 1H,14,C14,D14
environment,GPGGA,10,2,cell,65.1455648,elife-33927-fig1-data1-v1.xlsx,Figure 1H,15,C15,D15
environment,GPGGA,10,2,cell,54.3480713,elife-33927-fig1-data1-v1.xlsx,Figure 1H,16,C16,D16
environment,GPGGA,10,2,cell,64.2179822,elife-33927-fig1-data1-v1.xlsx,Figure 1H,17,C17,D17
environment,GPGGA,10,2,cell,51.806370300000005,elife-33927-fig1-data1-v1.xlsx,Figure 1H,18,C18,D18
environment,GPGGA,10,2,cell,64.0928841,elife-33927-fig1-data1-v1.xlsx,Figure 1H,19,C19,D19
environment,GPGGA,10,2,cell,63.993668199999995,elife-33927-fig1-data1-v1.xlsx,Figure 1H,20,C20,D20
environment,GPGGA,10,2,cell,51.0140553,elife-33927-fig1-data1-v1.xlsx,Figure 1H,21,C21,D21
environment,GPGGA,10,2,cell,49.667170500000005,elife-33927-fig1-data1-v1.xlsx,Figure 1H,22,C22,D22
environment,GPGGA,10,2,cell,60.0605648,elife-33927-fig1-data1-v1.xlsx,Figure 1H,23,C23,D23
environment,GPGGA,10,2,cell,56.83093529999999,elife-33927-fig1-data1-v1.xlsx,Figure 1H,24,C24,D24
environment,GPGGA,10,2,cell,62.3331304,elife-33927-fig1-data1-v1.xlsx,Figure 1H,25,C25,D25
environment,GPGGA,10,2,cell,62.205245399999995,elife-33927-fig1-data1-v1.xlsx,Figure 1H,26,C26,D26
environment,GPGGA,10,2,cell,45.9321442,elife-33927-fig1-data1-v1.xlsx,Figure 1H,27,C27,D27
environment,GPGGA,10,2,cell,59.4040302,elife-33927-fig1-data1-v1.xlsx,Figure 1H,28,C28,D28
environment,GPGGA,10,2,cell,57.9328007,elife-33927-fig1-data1-v1.xlsx,Figure 1H,29,C29,D29
environment,GPGGA,10,2,cell,62.7861399,elife-33927-fig1-data1-v1.xlsx,Figure 1H,30,C30,D30
environment,GPGGA,10,2,cell,61.6436613,elife-33927-fig1-data1-v1.xlsx,Figure 1H,31,C31,D31
environment,GPGGA,10,2,cell,64.63752310000001,elife-33927-fig1-data1-v1.xlsx,Figure 1H,32,C32,D32
environment,GPGGA,10,2,cell,65.0853715,elife-33927-fig1-data1-v1.xlsx,Figure 1H,33,C33,D33
environment,GPGGA,10,2,cell,43.1184029,elife-33927-fig1-data1-v1.xlsx,Figure 1H,34,C34,D34
environment,GPGGA,10,2,cell,63.737815600000005,elife-33927-fig1-data1-v1.xlsx,Figure 1H,35,C35,D35
environment,GPGGA,10,2,cell,62.8356767,elife-33927-fig1-data1-v1.xlsx,Figure 1H,36,C36,D36
environment,GPGGA,10,2,cell,53.507967099999995,elife-33927-fig1-data1-v1.xlsx,Figure 1H,37,C37,D37
environment,GPGGA,10,2,cell,49.3423231,elife-33927-fig1-data1-v1.xlsx,Figure 1H,38,C38,D38
environment,GPGGA,10,2,cell,55.401788100000005,elife-33927-fig1-data1-v1.xlsx,Figure 1H,39,C39,D39
environment,GPGGA,10,2,cell,53.0792512,elife-33927-fig1-data1-v1.xlsx,Figure 1H,40,C40,D40
environment,GPGGA,10,2,cell,62.93960990000001,elife-33927-fig1-data1-v1.xlsx,Figure 1H,41,C41,D41
environment,GPGGA,10,2,cell,66.4670689,elife-33927-fig1-data1-v1.xlsx,Figure 1H,42,C42,D42
environment,GPGGA,10,2,cell,59.502571599999996,elife-33927-fig1-data1-v1.xlsx,Figure 1H,43,C43,D43
environment,GPGGA,10,2,cell,56.5822996,elife-33927-fig1-data1-v1.xlsx,Figure 1H,44,C44,D44
environment,GPGGA,10,2,cell,63.8194573,elife-33927-fig1-data1-v1.xlsx,Figure 1H,45,C45,D45
environment,GPGGA,10,2,cell,56.021315,elife-33927-fig1-data1-v1.xlsx,Figure 1H,46,C46,D46
environment,GPGGA,10,2,cell,56.9593137,elife-33927-fig1-data1-v1.xlsx,Figure 1H,47,C47,D47
environment,GPGGA,10,2,cell,56.84642720000001,elife-33927-fig1-data1-v1.xlsx,Figure 1H,48,C48,D48
environment,GPGGA,10,2,cell,66.1026654,elife-33927-fig1-data1-v1.xlsx,Figure 1H,49,C49,D49
environment,GPGGA,10,2,cell,59.8976112,elife-33927-fig1-data1-v1.xlsx,Figure 1H,50,C50,D50
environment,GPGGA,10,2,cell,55.33421859999999,elife-33927-fig1-data1-v1.xlsx,Figure 1H,51,C51,D51
environment,GPGGA,10,2,cell,41.9307047,elife-33927-fig1-data1-v1.xlsx,Figure 1H,52,C52,D52
environment,GPGGA,10,2,cell,56.1724137,elife-33927-fig1-data1-v1.xlsx,Figure 1H,53,C53,D53
environment,GPGGA,10,2,cell,59.4567481,elife-33927-fig1-data1-v1.xlsx,Figure 1H,54,C54,D54
environment,GPGGA,10,2,cell,60.3924538,elife-33927-fig1-data1-v1.xlsx,Figure 1H,55,C55,D55
environment,GPGGA,10,2,cell,64.09005810000001,elife-33927-fig1-data1-v1.xlsx,Figure 1H,56,C56,D56
environment,GPGGA,10,2,cell,64.19268380000001,elife-33927-fig1-data1-v1.xlsx,Figure 1H,57,C57,D57
environment,GPGGA,10,2,cell,63.6271758,elife-33927-fig1-data1-v1.xlsx,Figure 1H,58,C58,D58
environment,GPGGA,10,2,cell,60.7712798,elife-33927-fig1-data1-v1.xlsx,Figure 1H,59,C59,D59
environment,GPGGA,10,2,cell,55.29851609999999,elife-33927-fig1-data1-v1.xlsx,Figure 1H,60,C60,D60
environment,GPGGA,10,2,cell,64.08097190000001,elife-33927-fig1-data1-v1.xlsx,Figure 1H,61,C61,D61
environment,GPGGA,10,2,cell,57.4533316,elife-33927-fig1-data1-v1.xlsx,Figure 1H,62,C62,D62
environment,GPGGA,10,2,cell,51.1117508,elife-33927-fig1-data1-v1.xlsx,Figure 1H,63,C63,D63
environment,GPGGA,10,2,cell,63.388862599999996,elife-33927-fig1-data1-v1.xlsx,Figure 1H,64,C64,D64
environment,GPGGA,10,2,cell,63.9299472,elife-33927-fig1-data1-v1.xlsx,Figure 1H,65,C65,D65
environment,GPGGA,10,2,cell,54.201008699999996,elife-33927-fig1-data1-v1.xlsx,Figure 1H,66,C66,D66
environment,GPGGA,10,2,cell,63.385222399999996,elife-33927-fig1-data1-v1.xlsx,Figure 1H,67,C67,D67
environment,GPGGA,10,2,cell,59.7034359,elife-33927-fig1-data1-v1.xlsx,Figure 1H,68,C68,D68
environment,GPGGA,10,2,cell,51.678369,elife-33927-fig1-data1-v1.xlsx,Figure 1H,69,C69,D69
environment,GPGGA,10,2,cell,49.8485128,elife-33927-fig1-data1-v1.xlsx,Figure 1H,70,C70,D70
environment,GPGGA,10,2,cell,53.9496958,elife-33927-fig1-data1-v1.xlsx,Figure 1H,71,C71,D71
environment,GPGGA,10,2,cell,52.8864217,elife-33927-fig1-data1-v1.xlsx,Figure 1H,72,C72,D72
environment,GPGGA,10,2,cell,62.2820312,elife-33927-fig1-data1-v1.xlsx,Figure 1H,73,C73,D73
environment,GPGGA,10,2,cell,48.3549863,elife-33927-fig1-data1-v1.xlsx,Figure 1H,74,C74,D74
environment,GPGGA,10,2,cell,62.7633177,elife-33927-fig1-data1-v1.xlsx,Figure 1H,75,C75,D75
environment,GPGGA,10,2,cell,51.044678,elife-33927-fig1-data1-v1.xlsx,Figure 1H,76,C76,D76
environment,GPGGA,10,2,cell,58.99568360000001,elife-33927-fig1-data1-v1.xlsx,Figure 1H,77,C77,D77
environment,GPGGA,10,2,cell,65.77792099999999,elife-33927-fig1-data1-v1.xlsx,Figure 1H,78,C78,D78
environment,GPGGA,10,2,cell,60.5497922,elife-33927-fig1-data1-v1.xlsx,Figure 1H,79,C79,D79
environment,GPGGA,10,2,cell,63.8162073,elife-33927-fig1-data1-v1.xlsx,Figure 1H,80,C80,D80
environment,GPGGA,10,2,cell,57.39501849999999,elife-33927-fig1-data1-v1.xlsx,Figure 1H,81,C81,D81
environment,GPGGA,10,2,cell,59.042684300000005,elife-33927-fig1-data1-v1.xlsx,Figure 1H,82,C82,D82
environment,GPGGA,10,2,cell,66.8066053,elife-33927-fig1-data1-v1.xlsx,Figure 1H,83,C83,D83
environment,GPGGA,10,2,cell,62.7851115,elife-33927-fig1-data1-v1.xlsx,Figure 1H,84,C84,D84
environment,GPGGA,10,2,cell,53.2783038,elife-33927-fig1-data1-v1.xlsx,Figure 1H,85,C85,D85
environment,GPGGA,10,2,cell,62.422240699999996,elife-33927-fig1-data1-v1.xlsx,Figure 1H,86,C86,D86
environment,GPGGA,10,2,cell,63.63184699999999,elife-33927-fig1-data1-v1.xlsx,Figure 1H,87,C87,D87
environment,GPGGA,10,2,cell,65.4003002,elife-33927-fig1-data1-v1.xlsx,Figure 1H,88,C88,D88
environment,GPGGA,10,2,cell,64.2880317,elife-33927-fig1-data1-v1.xlsx,Figure 1H,89,C89,D89
environment,GPGGA,10,2,cell,61.4173498,elife-33927-fig1-data1-v1.xlsx,Figure 1H,90,C90,D90
environment,GPGGA,10,2,cell,63.552557,elife-33927-fig1-data1-v1.xlsx,Figure 1H,91,C91,D91
environment,GPGGA,10,2,cell,60.148977800000004,elife-33927-fig1-data1-v1.xlsx,Figure 1H,92,C92,D92
environment,GPGGA,10,2,cell,60.0398459,elife-33927-fig1-data1-v1.xlsx,Figure 1H,93,C93,D93
environment,GPGGA,10,2,cell,65.79022599999999,elife-33927-fig1-data1-v1.xlsx,Figure 1H,94,C94,D94
environment,GPGGA,10,2,cell,52.45651839999999,elife-33927-fig1-data1-v1.xlsx,Figure 1H,95,C95,D95
environment,GPGGA,10,2,cell,57.21541489999999,elife-33927-fig1-data1-v1.xlsx,Figure 1H,96,C96,D96
environment,GPGGA,10,2,cell,60.05803709999999,elife-33927-fig1-data1-v1.xlsx,Figure 1H,97,C97,D97
environment,GPGGA,10,2,cell,64.4073917,elife-33927-fig1-data1-v1.xlsx,Figure 1H,98,C98,D98
environment,GPGGA,10,2,cell,64.3617087,elife-33927-fig1-data1-v1.xlsx,Figure 1H,99,C99,D99
environment,GPGGA,10,2,cell,51.493088300000004,elife-33927-fig1-data1-v1.xlsx,Figure 1H,100,C100,D100
environment,GPGGA,10,2,cell,61.06974819999999,elife-33927-fig1-data1-v1.xlsx,Figure 1H,101,C101,D101
environment,GPGGA,10,2,cell,52.60407190000001,elife-33927-fig1-data1-v1.xlsx,Figure 1H,102,C102,D102
environment,GPGGA,10,2,cell,64.4083724,elife-33927-fig1-data1-v1.xlsx,Figure 1H,103,C103,D103
environment,GPGGA,10,2,cell,61.5769154,elife-33927-fig1-data1-v1.xlsx,Figure 1H,104,C104,D104
environment,GPGGA,10,2,cell,64.91503709999999,elife-33927-fig1-data1-v1.xlsx,Figure 1H,105,C105,D105
environment,GPGGA,10,2,cell,64.9669211,elife-33927-fig1-data1-v1.xlsx,Figure 1H,106,C106,D106
environment,GPGGA,10,2,cell,58.027025,elife-33927-fig1-data1-v1.xlsx,Figure 1H,107,C107,D107
environment,GPGGA,10,2,cell,51.7088078,elife-33927-fig1-data1-v1.xlsx,Figure 1H,108,C108,D108
environment,GPGGA,10,2,cell,59.7375161,elife-33927-fig1-data1-v1.xlsx,Figure 1H,109,C109,D109
environment,GPGGA,10,2,cell,55.9983995,elife-33927-fig1-data1-v1.xlsx,Figure 1H,110,C110,D110
environment,GPGGA,10,2,cell,40.9581645,elife-33927-fig1-data1-v1.xlsx,Figure 1H,111,C111,D111
environment,GPGGA,10,2,cell,63.813410299999994,elife-33927-fig1-data1-v1.xlsx,Figure 1H,112,C112,D112
environment,GPGGA,10,2,cell,63.5823078,elife-33927-fig1-data1-v1.xlsx,Figure 1H,113,C113,D113
environment,GPGGA,20,4,cell,57.7934748,elife-33927-fig1-data1-v1.xlsx,Figure 1H,114,C114,D114
environment,GPGGA,20,4,cell,58.094347199999994,elife-33927-fig1-data1-v1.xlsx,Figure 1H,115,C115,D115
environment,GPGGA,20,4,cell,56.2599183,elife-33927-fig1-data1-v1.xlsx,Figure 1H,116,C116,D116
environment,GPGGA,20,4,cell,50.2788886,elife-33927-fig1-data1-v1.xlsx,Figure 1H,117,C117,D117
environment,GPGGA,20,4,cell,53.05650429999999,elife-33927-fig1-data1-v1.xlsx,Figure 1H,118,C118,D118
environment,GPGGA,20,4,cell,53.6749417,elife-33927-fig1-data1-v1.xlsx,Figure 1H,119,C119,D119
environment,GPGGA,20,4,cell,52.68322920000001,elife-33927-fig1-data1-v1.xlsx,Figure 1H,120,C120,D120
environment,GPGGA,20,4,cell,57.0002448,elife-33927-fig1-data1-v1.xlsx,Figure 1H,121,C121,D121
environment,GPGGA,20,4,cell,56.4437792,elife-33927-fig1-data1-v1.xlsx,Figure 1H,122,C122,D122
environment,GPGGA,20,4,cell,49.0079191,elife-33927-fig1-data1-v1.xlsx,Figure 1H,123,C123,D123
environment,GPGGA,20,4,cell,54.2655683,elife-33927-fig1-data1-v1.xlsx,Figure 1H,124,C124,D124
environment,GPGGA,20,4,cell,56.9654512,elife-33927-fig1-data1-v1.xlsx,Figure 1H,125,C125,D125
environment,GPGGA,20,4,cell,56.1948605,elife-33927-fig1-data1-v1.xlsx,Figure 1H,126,C126,D126
environment,GPGGA,20,4,cell,53.521788199999996,elife-33927-fig1-data1-v1.xlsx,Figure 1H,127,C127,D127
environment,GPGGA,20,4,cell,61.1684275,elife-33927-fig1-data1-v1.xlsx,Figure 1H,128,C128,D128
environment,GPGGA,20,4,cell,49.5054936,elife-33927-fig1-data1-v1.xlsx,Figure 1H,129,C129,D129
environment,GPGGA,20,4,cell,47.0093842,elife-33927-fig1-data1-v1.xlsx,Figure 1H,130,C130,D130
environment,GPGGA,20,4,cell,53.7981633,elife-33927-fig1-data1-v1.xlsx,Figure 1H,131,C131,D131
environment,GPGGA,20,4,cell,60.3370439,elife-33927-fig1-data1-v1.xlsx,Figure 1H,132,C132,D132
environment,GPGGA,20,4,cell,46.7101034,elife-33927-fig1-data1-v1.xlsx,Figure 1H,133,C133,D133
environment,GPGGA,20,4,cell,57.941455100000006,elife-33927-fig1-data1-v1.xlsx,Figure 1H,134,C134,D134
environment,GPGGA,20,4,cell,44.0681474,elife-33927-fig1-data1-v1.xlsx,Figure 1H,135,C135,D135
environment,GPGGA,20,4,cell,49.4451214,elife-33927-fig1-data1-v1.xlsx,Figure 1H,136,C136,D136
environment,GPGGA,20,4,cell,47.8184211,elife-33927-fig1-data1-v1.xlsx,Figure 1H,137,C137,D137
environment,GPGGA,20,4,cell,60.587258600000006,elife-33927-fig1-data1-v1.xlsx,Figure 1H,138,C138,D138
environment,GPGGA,20,4,cell,50.6150137,elife-33927-fig1-data1-v1.xlsx,Figure 1H,139,C139,D139
environment,GPGGA,20,4,cell,58.9272337,elife-33927-fig1-data1-v1.xlsx,Figure 1H,140,C140,D140
environment,GPGGA,20,4,cell,57.9104265,elife-33927-fig1-data1-v1.xlsx,Figure 1H,141,C141,D141
environment,GPGGA,20,4,cell,60.7683106,elife-33927-fig1-data1-v1.xlsx,Figure 1H,142,C142,D142
environment,GPGGA,20,4,cell,52.8257664,elife-33927-fig1-data1-v1.xlsx,Figure 1H,143,C143,D143
environment,GPGGA,20,4,cell,55.19041489999999,elife-33927-fig1-data1-v1.xlsx,Figure 1H,144,C144,D144
environment,GPGGA,20,4,cell,60.935347500000006,elife-33927-fig1-data1-v1.xlsx,Figure 1H,145,C145,D145
environment,GPGGA,20,4,cell,58.85192729999999,elife-33927-fig1-data1-v1.xlsx,Figure 1H,146,C146,D146
environment,GPGGA,20,4,cell,54.0489519,elife-33927-fig1-data1-v1.xlsx,Figure 1H,147,C147,D147
environment,GPGGA,20,4,cell,59.1660026,elife-33927-fig1-data1-v1.xlsx,Figure 1H,148,C148,D148
environment,GPGGA,20,4,cell,54.848111700000004,elife-33927-fig1-data1-v1.xlsx,Figure 1H,149,C149,D149
environment,GPGGA,20,4,cell,57.19814290000001,elife-33927-fig1-data1-v1.xlsx,Figure 1H,150,C150,D150
environment,GPGGA,20,4,cell,49.8085862,elife-33927-fig1-data1-v1.xlsx,Figure 1H,151,C151,D151
environment,GPGGA,20,4,cell,60.1515592,elife-33927-fig1-data1-v1.xlsx,Figure 1H,152,C152,D152
environment,GPGGA,20,4,cell,60.494810799999996,elife-33927-fig1-data1-v1.xlsx,Figure 1H,153,C153,D153
environment,GPGGA,20,4,cell,61.2492657,elife-33927-fig1-data1-v1.xlsx,Figure 1H,154,C154,D154
environment,GPGGA,20,4,cell,54.345654499999995,elife-33927-fig1-data1-v1.xlsx,Figure 1H,155,C155,D155
environment,GPGGA,20,4,cell,60.36499870000001,elife-33927-fig1-data1-v1.xlsx,Figure 1H,156,C156,D156
environment,GPGGA,20,4,cell,60.902722499999996,elife-33927-fig1-data1-v1.xlsx,Figure 1H,157,C157,D157
environment,GPGGA,20,4,cell,60.18722330000001,elife-33927-fig1-data1-v1.xlsx,Figure 1H,158,C158,D158
environment,GPGGA,20,4,cell,56.5500998,elife-33927-fig1-data1-v1.xlsx,Figure 1H,159,C159,D159
environment,GPGGA,20,4,cell,56.812973,elife-33927-fig1-data1-v1.xlsx,Figure 1H,160,C160,D160
environment,GPGGA,20,4,cell,60.3843275,elife-33927-fig1-data1-v1.xlsx,Figure 1H,161,C161,D161
environment,GPGGA,20,4,cell,58.5235333,elife-33927-fig1-data1-v1.xlsx,Figure 1H,162,C162,D162
environment,GPGGA,20,4,cell,57.101749999999996,elife-33927-fig1-data1-v1.xlsx,Figure 1H,163,C163,D163
environment,GPGGA,20,4,cell,58.8594633,elife-33927-fig1-data1-v1.xlsx,Figure 1H,164,C164,D164
environment,GPGGA,20,4,cell,60.5483823,elife-33927-fig1-data1-v1.xlsx,Figure 1H,165,C165,D165
environment,GPGGA,20,4,cell,50.940100300000005,elife-33927-fig1-data1-v1.xlsx,Figure 1H,166,C166,D166
environment,GPGGA,20,4,cell,56.9081748,elife-33927-fig1-data1-v1.xlsx,Figure 1H,167,C167,D167
environment,GPGGA,20,4,cell,45.9258726,elife-33927-fig1-data1-v1.xlsx,Figure 1H,168,C168,D168
environment,GPGGA,20,4,cell,59.8881551,elife-33927-fig1-data1-v1.xlsx,Figure 1H,169,C169,D169
environment,GPGGA,20,4,cell,60.9899196,elife-33927-fig1-data1-v1.xlsx,Figure 1H,170,C170,D170
environment,GPGGA,20,4,cell,59.6588142,elife-33927-fig1-data1-v1.xlsx,Figure 1H,171,C171,D171
environment,GPGGA,20,4,cell,55.6350316,elife-33927-fig1-data1-v1.xlsx,Figure 1H,172,C172,D172
environment,GPGGA,20,4,cell,67.6494014,elife-33927-fig1-data1-v1.xlsx,Figure 1H,173,C173,D173
environment,GPGGA,20,4,cell,65.6879235,elife-33927-fig1-data1-v1.xlsx,Figure 1H,174,C174,D174
environment,GPGGA,20,4,cell,65.17992419999999,elife-33927-fig1-data1-v1.xlsx,Figure 1H,175,C175,D175
environment,GPGGA,20,4,cell,52.904044999999996,elife-33927-fig1-data1-v1.xlsx,Figure 1H,176,C176,D176
environment,GPGGA,20,4,cell,57.4943764,elife-33927-fig1-data1-v1.xlsx,Figure 1H,177,C177,D177
environment,GPGGA,20,4,cell,62.4439092,elife-33927-fig1-data1-v1.xlsx,Figure 1H,178,C178,D178
environment,GPGGA,20,4,cell,48.094006900000004,elife-33927-fig1-data1-v1.xlsx,Figure 1H,179,C179,D179
environment,GPGGA,20,4,cell,58.69670850000001,elife-33927-fig1-data1-v1.xlsx,Figure 1H,180,C180,D180
environment,GPGGA,20,4,cell,60.272367,elife-33927-fig1-data1-v1.xlsx,Figure 1H,181,C181,D181
environment,GPGGA,20,4,cell,54.851039400000005,elife-33927-fig1-data1-v1.xlsx,Figure 1H,182,C182,D182
environment,GPGGA,20,4,cell,61.567346,elife-33927-fig1-data1-v1.xlsx,Figure 1H,183,C183,D183
environment,GPGGA,20,4,cell,44.347435600000004,elife-33927-fig1-data1-v1.xlsx,Figure 1H,184,C184,D184
environment,GPGGA,20,4,cell,57.6807183,elife-33927-fig1-data1-v1.xlsx,Figure 1H,185,C185,D185
environment,GPGGA,20,4,cell,62.564949299999995,elife-33927-fig1-data1-v1.xlsx,Figure 1H,186,C186,D186
environment,GPGGA,20,4,cell,42.5785044,elife-33927-fig1-data1-v1.xlsx,Figure 1H,187,C187,D187
environment,GPGGA,20,4,cell,53.1937274,elife-33927-fig1-data1-v1.xlsx,Figure 1H,188,C188,D188
environment,GPGGA,20,4,cell,56.597522,elife-33927-fig1-data1-v1.xlsx,Figure 1H,189,C189,D189
environment,GPGGA,20,4,cell,58.1479515,elife-33927-fig1-data1-v1.xlsx,Figure 1H,190,C190,D190
environment,GPGGA,20,4,cell,57.49577850000001,elife-33927-fig1-data1-v1.xlsx,Figure 1H,191,C191,D191
environment,GPGGA,20,4,cell,56.85790550000001,elife-33927-fig1-data1-v1.xlsx,Figure 1H,192,C192,D192
environment,GPGGA,20,4,cell,49.3460849,elife-33927-fig1-data1-v1.xlsx,Figure 1H,193,C193,D193
environment,GPGGA,20,4,cell,59.061808400000004,elife-33927-fig1-data1-v1.xlsx,Figure 1H,194,C194,D194
environment,GPGGA,20,4,cell,55.915463499999994,elife-33927-fig1-data1-v1.xlsx,Figure 1H,195,C195,D195
environment,GPGGA,20,4,cell,57.9943573,elife-33927-fig1-data1-v1.xlsx,Figure 1H,196,C196,D196
environment,GPGGA,20,4,cell,60.06996409999999,elife-33927-fig1-data1-v1.xlsx,Figure 1H,197,C197,D197
environment,GPGGA,20,4,cell,55.4856669,elife-33927-fig1-data1-v1.xlsx,Figure 1H,198,C198,D198
environment,GPGGA,20,4,cell,56.603671899999995,elife-33927-fig1-data1-v1.xlsx,Figure 1H,199,C199,D199
environment,GPGGA,20,4,cell,55.2416896,elife-33927-fig1-data1-v1.xlsx,Figure 1H,200,C200,D200
environment,GPGGA,20,4,cell,60.1294301,elife-33927-fig1-data1-v1.xlsx,Figure 1H,201,C201,D201
environment,GPGGA,20,4,cell,52.813693799999996,elife-33927-fig1-data1-v1.xlsx,Figure 1H,202,C202,D202
environment,GPGGA,20,4,cell,51.259889300000005,elife-33927-fig1-data1-v1.xlsx,Figure 1H,203,C203,D203
environment,GPGGA,20,4,cell,50.862447499999995,elife-33927-fig1-data1-v1.xlsx,Figure 1H,204,C204,D204
environment,GPGGA,20,4,cell,54.5594653,elife-33927-fig1-data1-v1.xlsx,Figure 1H,205,C205,D205
environment,GPGGA,20,4,cell,53.8251619,elife-33927-fig1-data1-v1.xlsx,Figure 1H,206,C206,D206
environment,GPGGA,20,4,cell,50.9147892,elife-33927-fig1-data1-v1.xlsx,Figure 1H,207,C207,D207
environment,GPGGA,20,4,cell,58.4229311,elife-33927-fig1-data1-v1.xlsx,Figure 1H,208,C208,D208
environment,GPGGA,20,4,cell,57.841759,elife-33927-fig1-data1-v1.xlsx,Figure 1H,209,C209,D209
environment,GPGGA,20,4,cell,60.989931500000004,elife-33927-fig1-data1-v1.xlsx,Figure 1H,210,C210,D210
environment,GPGGA,20,4,cell,57.3274759,elife-33927-fig1-data1-v1.xlsx,Figure 1H,211,C211,D211
environment,GPGGA,20,4,cell,30.811979900000004,elife-33927-fig1-data1-v1.xlsx,Figure 1H,212,C212,D212
environment,GPGGA,20,4,cell,60.279099599999995,elife-33927-fig1-data1-v1.xlsx,Figure 1H,213,C213,D213
environment,GPGGA,20,4,cell,39.5785858,elife-33927-fig1-data1-v1.xlsx,Figure 1H,214,C214,D214
environment,GPGGA,20,4,cell,54.348071399999995,elife-33927-fig1-data1-v1.xlsx,Figure 1H,215,C215,D215
environment,GPGGA,20,4,cell,53.6675335,elife-33927-fig1-data1-v1.xlsx,Figure 1H,216,C216,D216
environment,GPGGA,20,4,cell,48.3004173,elife-33927-fig1-data1-v1.xlsx,Figure 1H,217,C217,D217
environment,GPGGA,20,4,cell,58.3759014,elife-33927-fig1-data1-v1.xlsx,Figure 1H,218,C218,D218
environment,GPGGA,20,4,cell,35.0313575,elife-33927-fig1-data1-v1.xlsx,Figure 1H,219,C219,D219
environment,GPGGA,20,4,cell,52.7741939,elife-33927-fig1-data1-v1.xlsx,Figure 1H,220,C220,D220
environment,GPGGA,20,4,cell,60.918361499999996,elife-33927-fig1-data1-v1.xlsx,Figure 1H,221,C221,D221
environment,GPGGA,20,4,cell,60.399789299999995,elife-33927-fig1-data1-v1.xlsx,Figure 1H,222,C222,D222
environment,GPGGA,20,4,cell,62.7154545,elife-33927-fig1-data1-v1.xlsx,Figure 1H,223,C223,D223
environment,GPGGA,20,4,cell,63.634958399999995,elife-33927-fig1-data1-v1.xlsx,Figure 1H,224,C224,D224
environment,GPGGA,20,4,cell,58.1744523,elife-33927-fig1-data1-v1.xlsx,Figure 1H,225,C225,D225
environment,GPGGA,20,4,cell,60.3199336,elife-33927-fig1-data1-v1.xlsx,Figure 1H,226,C226,D226
environment,GPGGA,20,4,cell,58.1180849,elife-33927-fig1-data1-v1.xlsx,Figure 1H,227,C227,D227
environment,GPGGA,30,6,cell,49.1047147,elife-33927-fig1-data1-v1.xlsx,Figure 1H,228,C228,D228
environment,GPGGA,30,6,cell,42.7911015,elife-33927-fig1-data1-v1.xlsx,Figure 1H,229,C229,D229
environment,GPGGA,30,6,cell,44.4530556,elife-33927-fig1-data1-v1.xlsx,Figure 1H,230,C230,D230
environment,GPGGA,30,6,cell,50.977223,elife-33927-fig1-data1-v1.xlsx,Figure 1H,231,C231,D231
environment,GPGGA,30,6,cell,56.254363100000006,elife-33927-fig1-data1-v1.xlsx,Figure 1H,232,C232,D232
environment,GPGGA,30,6,cell,54.71398669999999,elife-33927-fig1-data1-v1.xlsx,Figure 1H,233,C233,D233
environment,GPGGA,30,6,cell,46.4144885,elife-33927-fig1-data1-v1.xlsx,Figure 1H,234,C234,D234
environment,GPGGA,30,6,cell,47.2913036,elife-33927-fig1-data1-v1.xlsx,Figure 1H,235,C235,D235
environment,GPGGA,30,6,cell,53.0927661,elife-33927-fig1-data1-v1.xlsx,Figure 1H,236,C236,D236
environment,GPGGA,30,6,cell,48.5529436,elife-33927-fig1-data1-v1.xlsx,Figure 1H,237,C237,D237
environment,GPGGA,30,6,cell,56.075208200000006,elife-33927-fig1-data1-v1.xlsx,Figure 1H,238,C238,D238
environment,GPGGA,30,6,cell,56.540177899999996,elife-33927-fig1-data1-v1.xlsx,Figure 1H,239,C239,D239
environment,GPGGA,30,6,cell,52.552922599999995,elife-33927-fig1-data1-v1.xlsx,Figure 1H,240,C240,D240
environment,GPGGA,30,6,cell,54.0180613,elife-33927-fig1-data1-v1.xlsx,Figure 1H,241,C241,D241
environment,GPGGA,30,6,cell,50.9681441,elife-33927-fig1-data1-v1.xlsx,Figure 1H,242,C242,D242
environment,GPGGA,30,6,cell,55.407962899999994,elife-33927-fig1-data1-v1.xlsx,Figure 1H,243,C243,D243
environment,GPGGA,30,6,cell,52.241682499999996,elife-33927-fig1-data1-v1.xlsx,Figure 1H,244,C244,D244
environment,GPGGA,30,6,cell,53.748105599999995,elife-33927-fig1-data1-v1.xlsx,Figure 1H,245,C245,D245
environment,GPGGA,30,6,cell,38.7898517,elife-33927-fig1-data1-v1.xlsx,Figure 1H,246,C246,D246
environment,GPGGA,30,6,cell,56.188810700000005,elife-33927-fig1-data1-v1.xlsx,Figure 1H,247,C247,D247
environment,GPGGA,30,6,cell,44.7633893,elife-33927-fig1-data1-v1.xlsx,Figure 1H,248,C248,D248
environment,GPGGA,30,6,cell,53.8337075,elife-33927-fig1-data1-v1.xlsx,Figure 1H,249,C249,D249
environment,GPGGA,30,6,cell,53.1196298,elife-33927-fig1-data1-v1.xlsx,Figure 1H,250,C250,D250
environment,GPGGA,30,6,cell,52.4481055,elife-33927-fig1-data1-v1.xlsx,Figure 1H,251,C251,D251
environment,GPGGA,30,6,cell,55.75777910000001,elife-33927-fig1-data1-v1.xlsx,Figure 1H,252,C252,D252
environment,GPGGA,30,6,cell,58.4114143,elife-33927-fig1-data1-v1.xlsx,Figure 1H,253,C253,D253
environment,GPGGA,30,6,cell,50.7765834,elife-33927-fig1-data1-v1.xlsx,Figure 1H,254,C254,D254
environment,GPGGA,30,6,cell,49.708469300000004,elife-33927-fig1-data1-v1.xlsx,Figure 1H,255,C255,D255
environment,GPGGA,30,6,cell,51.195729199999995,elife-33927-fig1-data1-v1.xlsx,Figure 1H,256,C256,D256
environment,GPGGA,30,6,cell,54.854855400000005,elife-33927-fig1-data1-v1.xlsx,Figure 1H,257,C257,D257
environment,GPGGA,30,6,cell,51.9644402,elife-33927-fig1-data1-v1.xlsx,Figure 1H,258,C258,D258
environment,GPGGA,30,6,cell,57.9421205,elife-33927-fig1-data1-v1.xlsx,Figure 1H,259,C259,D259
environment,GPGGA,30,6,cell,48.0502547,elife-33927-fig1-data1-v1.xlsx,Figure 1H,260,C260,D260
environment,GPGGA,30,6,cell,45.4660805,elife-33927-fig1-data1-v1.xlsx,Figure 1H,261,C261,D261
environment,GPGGA,30,6,cell,54.7139151,elife-33927-fig1-data1-v1.xlsx,Figure 1H,262,C262,D262
environment,GPGGA,30,6,cell,53.5992496,elife-33927-fig1-data1-v1.xlsx,Figure 1H,263,C263,D263
environment,GPGGA,30,6,cell,52.6378239,elife-33927-fig1-data1-v1.xlsx,Figure 1H,264,C264,D264
environment,GPGGA,30,6,cell,51.08009489999999,elife-33927-fig1-data1-v1.xlsx,Figure 1H,265,C265,D265
environment,GPGGA,30,6,cell,49.9589405,elife-33927-fig1-data1-v1.xlsx,Figure 1H,266,C266,D266
environment,GPGGA,30,6,cell,48.7353992,elife-33927-fig1-data1-v1.xlsx,Figure 1H,267,C267,D267
environment,GPGGA,30,6,cell,54.9594425,elife-33927-fig1-data1-v1.xlsx,Figure 1H,268,C268,D268
environment,GPGGA,30,6,cell,50.445265500000005,elife-33927-fig1-data1-v1.xlsx,Figure 1H,269,C269,D269
environment,GPGGA,30,6,cell,44.4846378,elife-33927-fig1-data1-v1.xlsx,Figure 1H,270,C270,D270
environment,GPGGA,30,6,cell,51.88935970000001,elife-33927-fig1-data1-v1.xlsx,Figure 1H,271,C271,D271
environment,GPGGA,30,6,cell,53.07976250000001,elife-33927-fig1-data1-v1.xlsx,Figure 1H,272,C272,D272
environment,GPGGA,30,6,cell,45.1431584,elife-33927-fig1-data1-v1.xlsx,Figure 1H,273,C273,D273
environment,GPGGA,30,6,cell,55.7414751,elife-33927-fig1-data1-v1.xlsx,Figure 1H,274,C274,D274
environment,GPGGA,30,6,cell,54.1681791,elife-33927-fig1-data1-v1.xlsx,Figure 1H,275,C275,D275
environment,GPGGA,30,6,cell,52.64407610000001,elife-33927-fig1-data1-v1.xlsx,Figure 1H,276,C276,D276
environment,GPGGA,30,6,cell,45.1484581,elife-33927-fig1-data1-v1.xlsx,Figure 1H,277,C277,D277
environment,GPGGA,30,6,cell,27.517772899999997,elife-33927-fig1-data1-v1.xlsx,Figure 1H,278,C278,D278
environment,GPGGA,30,6,cell,47.9702793,elife-33927-fig1-data1-v1.xlsx,Figure 1H,279,C279,D279
environment,GPGGA,30,6,cell,45.349255500000005,elife-33927-fig1-data1-v1.xlsx,Figure 1H,280,C280,D280
environment,GPGGA,30,6,cell,40.748885800000004,elife-33927-fig1-data1-v1.xlsx,Figure 1H,281,C281,D281
environment,GPGGA,30,6,cell,46.6568657,elife-33927-fig1-data1-v1.xlsx,Figure 1H,282,C282,D282
environment,GPGGA,30,6,cell,55.131801800000005,elife-33927-fig1-data1-v1.xlsx,Figure 1H,283,C283,D283
environment,GPGGA,30,6,cell,44.8601285,elife-33927-fig1-data1-v1.xlsx,Figure 1H,284,C284,D284
environment,GPGGA,30,6,cell,55.5209245,elife-33927-fig1-data1-v1.xlsx,Figure 1H,285,C285,D285
environment,GPGGA,30,6,cell,55.80328289999999,elife-33927-fig1-data1-v1.xlsx,Figure 1H,286,C286,D286
environment,GPGGA,30,6,cell,39.8419266,elife-33927-fig1-data1-v1.xlsx,Figure 1H,287,C287,D287
environment,GPGGA,30,6,cell,57.431778300000005,elife-33927-fig1-data1-v1.xlsx,Figure 1H,288,C288,D288
environment,GPGGA,30,6,cell,52.2060774,elife-33927-fig1-data1-v1.xlsx,Figure 1H,289,C289,D289
environment,GPGGA,30,6,cell,51.968728500000005,elife-33927-fig1-data1-v1.xlsx,Figure 1H,290,C290,D290
environment,GPGGA,30,6,cell,49.0289395,elife-33927-fig1-data1-v1.xlsx,Figure 1H,291,C291,D291
environment,GPGGA,30,6,cell,50.343581400000005,elife-33927-fig1-data1-v1.xlsx,Figure 1H,292,C292,D292
environment,GPGGA,30,6,cell,47.1541223,elife-33927-fig1-data1-v1.xlsx,Figure 1H,293,C293,D293
environment,GPGGA,30,6,cell,50.526981400000004,elife-33927-fig1-data1-v1.xlsx,Figure 1H,294,C294,D294
environment,GPGGA,30,6,cell,52.3953526,elife-33927-fig1-data1-v1.xlsx,Figure 1H,295,C295,D295
environment,GPGGA,30,6,cell,54.037965099999994,elife-33927-fig1-data1-v1.xlsx,Figure 1H,296,C296,D296
environment,GPGGA,30,6,cell,52.994232,elife-33927-fig1-data1-v1.xlsx,Figure 1H,297,C297,D297
environment,GPGGA,30,6,cell,49.0191417,elife-33927-fig1-data1-v1.xlsx,Figure 1H,298,C298,D298
environment,GPGGA,30,6,cell,52.9496269,elife-33927-fig1-data1-v1.xlsx,Figure 1H,299,C299,D299
environment,GPGGA,30,6,cell,48.2899745,elife-33927-fig1-data1-v1.xlsx,Figure 1H,300,C300,D300
environment,GPGGA,30,6,cell,53.2761361,elife-33927-fig1-data1-v1.xlsx,Figure 1H,301,C301,D301
environment,GPGGA,30,6,cell,47.430982900000004,elife-33927-fig1-data1-v1.xlsx,Figure 1H,302,C302,D302
environment,GPGGA,30,6,cell,45.1284359,elife-33927-fig1-data1-v1.xlsx,Figure 1H,303,C303,D303
environment,GPGGA,30,6,cell,45.6119228,elife-33927-fig1-data1-v1.xlsx,Figure 1H,304,C304,D304
environment,GPGGA,30,6,cell,48.5557456,elife-33927-fig1-data1-v1.xlsx,Figure 1H,305,C305,D305
environment,GPGGA,30,6,cell,55.187654900000005,elife-33927-fig1-data1-v1.xlsx,Figure 1H,306,C306,D306
environment,GPGGA,30,6,cell,55.03166,elife-33927-fig1-data1-v1.xlsx,Figure 1H,307,C307,D307
environment,GPGGA,30,6,cell,53.7415003,elife-33927-fig1-data1-v1.xlsx,Figure 1H,308,C308,D308
environment,GPGGA,30,6,cell,53.016618,elife-33927-fig1-data1-v1.xlsx,Figure 1H,309,C309,D309
environment,GPGGA,30,6,cell,52.6261054,elife-33927-fig1-data1-v1.xlsx,Figure 1H,310,C310,D310
environment,GPGGA,30,6,cell,52.8198112,elife-33927-fig1-data1-v1.xlsx,Figure 1H,311,C311,D311
environment,GPGGA,30,6,cell,48.0940473,elife-33927-fig1-data1-v1.xlsx,Figure 1H,312,C312,D312
environment,GPGGA,30,6,cell,55.210788,elife-33927-fig1-data1-v1.xlsx,Figure 1H,313,C313,D313
environment,GPGGA,30,6,cell,54.74997929999999,elife-33927-fig1-data1-v1.xlsx,Figure 1H,314,C314,D314
environment,GPGGA,30,6,cell,52.4145953,elife-33927-fig1-data1-v1.xlsx,Figure 1H,315,C315,D315
environment,GPGGA,30,6,cell,53.2433648,elife-33927-fig1-data1-v1.xlsx,Figure 1H,316,C316,D316
environment,GPGGA,30,6,cell,54.262468500000004,elife-33927-fig1-data1-v1.xlsx,Figure 1H,317,C317,D317
environment,GPGGA,30,6,cell,45.9030821,elife-33927-fig1-data1-v1.xlsx,Figure 1H,318,C318,D318
environment,GPGGA,30,6,cell,49.7870147,elife-33927-fig1-data1-v1.xlsx,Figure 1H,319,C319,D319
environment,GPGGA,30,6,cell,54.728487699999995,elife-33927-fig1-data1-v1.xlsx,Figure 1H,320,C320,D320
environment,GPGGA,30,6,cell,58.591812499999996,elife-33927-fig1-data1-v1.xlsx,Figure 1H,321,C321,D321
environment,GPGGA,30,6,cell,51.9832745,elife-33927-fig1-data1-v1.xlsx,Figure 1H,322,C322,D322
environment,GPGGA,30,6,cell,36.6929786,elife-33927-fig1-data1-v1.xlsx,Figure 1H,323,C323,D323
environment,GPGGA,30,6,cell,34.755451799999996,elife-33927-fig1-data1-v1.xlsx,Figure 1H,324,C324,D324
environment,GPGGA,30,6,cell,50.7357265,elife-33927-fig1-data1-v1.xlsx,Figure 1H,325,C325,D325
environment,GPGGA,30,6,cell,54.094558400000004,elife-33927-fig1-data1-v1.xlsx,Figure 1H,326,C326,D326
environment,GPGGA,30,6,cell,55.6107315,elife-33927-fig1-data1-v1.xlsx,Figure 1H,327,C327,D327
environment,GPGGA,30,6,cell,48.748691,elife-33927-fig1-data1-v1.xlsx,Figure 1H,328,C328,D328
environment,GPGGA,30,6,cell,41.094395,elife-33927-fig1-data1-v1.xlsx,Figure 1H,329,C329,D329
environment,GPGGA,30,6,cell,56.0937294,elife-33927-fig1-data1-v1.xlsx,Figure 1H,330,C330,D330
environment,GPGGA,30,6,cell,34.7364491,elife-33927-fig1-data1-v1.xlsx,Figure 1H,331,C331,D331
environment,GPGGA,30,6,cell,57.056196,elife-33927-fig1-data1-v1.xlsx,Figure 1H,332,C332,D332
environment,GPGGA,30,6,cell,52.9978025,elife-33927-fig1-data1-v1.xlsx,Figure 1H,333,C333,D333
environment,GPGGA,30,6,cell,50.1542292,elife-33927-fig1-data1-v1.xlsx,Figure 1H,334,C334,D334
environment,GPGGA,30,6,cell,54.5431616,elife-33927-fig1-data1-v1.xlsx,Figure 1H,335,C335,D335
environment,GPGGA,30,6,cell,59.129531899999996,elife-33927-fig1-data1-v1.xlsx,Figure 1H,336,C336,D336
environment,GPGGA,30,6,cell,60.6467211,elife-33927-fig1-data1-v1.xlsx,Figure 1H,337,C337,D337
environment,GPGGA,30,6,cell,56.314968,elife-33927-fig1-data1-v1.xlsx,Figure 1H,338,C338,D338
environment,GPGGA,30,6,cell,56.870179,elife-33927-fig1-data1-v1.xlsx,Figure 1H,339,C339,D339
environment,GPGGA,30,6,cell,58.7039247,elife-33927-fig1-data1-v1.xlsx,Figure 1H,340,C340,D340
environment,GPGGA,30,6,cell,33.2739621,elife-33927-fig1-data1-v1.xlsx,Figure 1H,341,C341,D341
environment,GPGGA,30,6,cell,59.8894654,elife-33927-fig1-data1-v1.xlsx,Figure 1H,342,C342,D342
environment,GPGGA,30,6,cell,52.1812567,elife-33927-fig1-data1-v1.xlsx,Figure 1H,343,C343,D343
environment,GPGGA,30,6,cell,48.4788131,elife-33927-fig1-data1-v1.xlsx,Figure 1H,344,C344,D344
environment,GPGGA,30,6,cell,53.4068673,elife-33927-fig1-data1-v1.xlsx,Figure 1H,345,C345,D345
environment,GPGGA,30,6,cell,35.6863057,elife-33927-fig1-data1-v1.xlsx,Figure 1H,346,C346,D346
environment,GPGGA,30,6,cell,44.5840985,elife-33927-fig1-data1-v1.xlsx,Figure 1H,347,C347,D347
environment,GPGGA,30,6,cell,48.1690253,elife-33927-fig1-data1-v1.xlsx,Figure 1H,348,C348,D348
environment,GPGGA,30,6,cell,45.0809128,elife-33927-fig1-data1-v1.xlsx,Figure 1H,349,C349,D349
environment,GPGGA,30,6,cell,46.2847807,elife-33927-fig1-data1-v1.xlsx,Figure 1H,350,C350,D350
environment,GPGGA,30,6,cell,53.3154555,elife-33927-fig1-data1-v1.xlsx,Figure 1H,351,C351,D351
environment,GPGGA,30,6,cell,52.01623789999999,elife-33927-fig1-data1-v1.xlsx,Figure 1H,352,C352,D352
environment,GPGGA,30,6,cell,51.324659800000006,elife-33927-fig1-data1-v1.xlsx,Figure 1H,353,C353,D353
environment,GPGGA,30,6,cell,50.165250699999994,elife-33927-fig1-data1-v1.xlsx,Figure 1H,354,C354,D354
environment,GPGGA,30,6,cell,49.831929,elife-33927-fig1-data1-v1.xlsx,Figure 1H,355,C355,D355
environment,GPGGA,30,6,cell,56.526196299999995,elife-33927-fig1-data1-v1.xlsx,Figure 1H,356,C356,D356
environment,GPGGA,35,7,cell,50.0636491,elife-33927-fig1-data1-v1.xlsx,Figure 1H,357,C357,D357
environment,GPGGA,35,7,cell,48.4213269,elife-33927-fig1-data1-v1.xlsx,Figure 1H,358,C358,D358
environment,GPGGA,35,7,cell,46.3517446,elife-33927-fig1-data1-v1.xlsx,Figure 1H,359,C359,D359
environment,GPGGA,35,7,cell,52.648183599999996,elife-33927-fig1-data1-v1.xlsx,Figure 1H,360,C360,D360
environment,GPGGA,35,7,cell,39.945286200000005,elife-33927-fig1-data1-v1.xlsx,Figure 1H,361,C361,D361
environment,GPGGA,35,7,cell,53.113633400000005,elife-33927-fig1-data1-v1.xlsx,Figure 1H,362,C362,D362
environment,GPGGA,35,7,cell,50.2071861,elife-33927-fig1-data1-v1.xlsx,Figure 1H,363,C363,D363
environment,GPGGA,35,7,cell,52.6696901,elife-33927-fig1-data1-v1.xlsx,Figure 1H,364,C364,D364
environment,GPGGA,35,7,cell,52.8214128,elife-33927-fig1-data1-v1.xlsx,Figure 1H,365,C365,D365
environment,GPGGA,35,7,cell,48.503993,elife-33927-fig1-data1-v1.xlsx,Figure 1H,366,C366,D366
environment,GPGGA,35,7,cell,51.388218200000004,elife-33927-fig1-data1-v1.xlsx,Figure 1H,367,C367,D367
environment,GPGGA,35,7,cell,46.468126399999996,elife-33927-fig1-data1-v1.xlsx,Figure 1H,368,C368,D368
environment,GPGGA,35,7,cell,43.0151781,elife-33927-fig1-data1-v1.xlsx,Figure 1H,369,C369,D369
environment,GPGGA,35,7,cell,48.5966374,elife-33927-fig1-data1-v1.xlsx,Figure 1H,370,C370,D370
environment,GPGGA,35,7,cell,51.0578996,elife-33927-fig1-data1-v1.xlsx,Figure 1H,371,C371,D371
environment,GPGGA,35,7,cell,50.1209072,elife-33927-fig1-data1-v1.xlsx,Figure 1H,372,C372,D372
environment,GPGGA,35,7,cell,32.1946169,elife-33927-fig1-data1-v1.xlsx,Figure 1H,373,C373,D373
environment,GPGGA,35,7,cell,29.8066198,elife-33927-fig1-data1-v1.xlsx,Figure 1H,374,C374,D374
environment,GPGGA,35,7,cell,30.966448600000003,elife-33927-fig1-data1-v1.xlsx,Figure 1H,375,C375,D375
environment,GPGGA,35,7,cell,44.6060612,elife-33927-fig1-data1-v1.xlsx,Figure 1H,376,C376,D376
environment,GPGGA,35,7,cell,52.3927461,elife-33927-fig1-data1-v1.xlsx,Figure 1H,377,C377,D377
environment,GPGGA,35,7,cell,51.5403621,elife-33927-fig1-data1-v1.xlsx,Figure 1H,378,C378,D378
environment,GPGGA,35,7,cell,51.8485385,elife-33927-fig1-data1-v1.xlsx,Figure 1H,379,C379,D379
environment,GPGGA,35,7,cell,52.2297963,elife-33927-fig1-data1-v1.xlsx,Figure 1H,380,C380,D380
environment,GPGGA,35,7,cell,52.104571,elife-33927-fig1-data1-v1.xlsx,Figure 1H,381,C381,D381
environment,GPGGA,35,7,cell,51.94907130000001,elife-33927-fig1-data1-v1.xlsx,Figure 1H,382,C382,D382
environment,GPGGA,35,7,cell,52.4647846,elife-33927-fig1-data1-v1.xlsx,Figure 1H,383,C383,D383
environment,GPGGA,35,7,cell,45.7945739,elife-33927-fig1-data1-v1.xlsx,Figure 1H,384,C384,D384
environment,GPGGA,35,7,cell,51.476251,elife-33927-fig1-data1-v1.xlsx,Figure 1H,385,C385,D385
environment,GPGGA,35,7,cell,54.5145118,elife-33927-fig1-data1-v1.xlsx,Figure 1H,386,C386,D386
environment,GPGGA,35,7,cell,49.9122453,elife-33927-fig1-data1-v1.xlsx,Figure 1H,387,C387,D387
environment,GPGGA,35,7,cell,42.176945599999996,elife-33927-fig1-data1-v1.xlsx,Figure 1H,388,C388,D388
environment,GPGGA,35,7,cell,45.9117641,elife-33927-fig1-data1-v1.xlsx,Figure 1H,389,C389,D389
environment,GPGGA,35,7,cell,50.7857985,elife-33927-fig1-data1-v1.xlsx,Figure 1H,390,C390,D390
environment,GPGGA,35,7,cell,53.020377399999994,elife-33927-fig1-data1-v1.xlsx,Figure 1H,391,C391,D391
environment,GPGGA,35,7,cell,46.922629799999996,elife-33927-fig1-data1-v1.xlsx,Figure 1H,392,C392,D392
environment,GPGGA,35,7,cell,54.2693846,elife-33927-fig1-data1-v1.xlsx,Figure 1H,393,C393,D393
environment,GPGGA,35,7,cell,46.6424272,elife-33927-fig1-data1-v1.xlsx,Figure 1H,394,C394,D394
environment,GPGGA,35,7,cell,49.2582852,elife-33927-fig1-data1-v1.xlsx,Figure 1H,395,C395,D395
environment,GPGGA,35,7,cell,38.6557903,elife-33927-fig1-data1-v1.xlsx,Figure 1H,396,C396,D396
environment,GPGGA,35,7,cell,48.442550000000004,elife-33927-fig1-data1-v1.xlsx,Figure 1H,397,C397,D397
environment,GPGGA,35,7,cell,49.4665949,elife-33927-fig1-data1-v1.xlsx,Figure 1H,398,C398,D398
environment,GPGGA,35,7,cell,41.8604309,elife-33927-fig1-data1-v1.xlsx,Figure 1H,399,C399,D399
environment,GPGGA,35,7,cell,47.3132379,elife-33927-fig1-data1-v1.xlsx,Figure 1H,400,C400,D400
environment,GPGGA,35,7,cell,51.7910731,elife-33927-fig1-data1-v1.xlsx,Figure 1H,401,C401,D401
environment,GPGGA,35,7,cell,53.9303015,elife-33927-fig1-data1-v1.xlsx,Figure 1H,402,C402,D402
environment,GPGGA,35,7,cell,42.4305028,elife-33927-fig1-data1-v1.xlsx,Figure 1H,403,C403,D403
environment,GPGGA,35,7,cell,51.1919978,elife-33927-fig1-data1-v1.xlsx,Figure 1H,404,C404,D404
environment,GPGGA,35,7,cell,53.7521602,elife-33927-fig1-data1-v1.xlsx,Figure 1H,405,C405,D405
environment,GPGGA,35,7,cell,44.3174532,elife-33927-fig1-data1-v1.xlsx,Figure 1H,406,C406,D406
environment,GPGGA,35,7,cell,50.2417327,elife-33927-fig1-data1-v1.xlsx,Figure 1H,407,C407,D407
environment,GPGGA,35,7,cell,55.1054759,elife-33927-fig1-data1-v1.xlsx,Figure 1H,408,C408,D408
environment,GPGGA,35,7,cell,42.8030795,elife-33927-fig1-data1-v1.xlsx,Figure 1H,409,C409,D409
environment,GPGGA,35,7,cell,48.1939812,elife-33927-fig1-data1-v1.xlsx,Figure 1H,410,C410,D410
environment,GPGGA,35,7,cell,43.318145200000004,elife-33927-fig1-data1-v1.xlsx,Figure 1H,411,C411,D411
environment,GPGGA,35,7,cell,51.6928338,elife-33927-fig1-data1-v1.xlsx,Figure 1H,412,C412,D412
environment,GPGGA,35,7,cell,51.667810800000005,elife-33927-fig1-data1-v1.xlsx,Figure 1H,413,C413,D413
environment,GPGGA,35,7,cell,53.524421600000004,elife-33927-fig1-data1-v1.xlsx,Figure 1H,414,C414,D414
environment,GPGGA,35,7,cell,50.6638952,elife-33927-fig1-data1-v1.xlsx,Figure 1H,415,C415,D415
environment,GPGGA,35,7,cell,52.523833499999995,elife-33927-fig1-data1-v1.xlsx,Figure 1H,416,C416,D416
environment,GPGGA,35,7,cell,50.100818700000005,elife-33927-fig1-data1-v1.xlsx,Figure 1H,417,C417,D417
environment,GPGGA,35,7,cell,50.0030879,elife-33927-fig1-data1-v1.xlsx,Figure 1H,418,C418,D418
environment,GPGGA,35,7,cell,48.1771057,elife-33927-fig1-data1-v1.xlsx,Figure 1H,419,C419,D419
environment,GPGGA,35,7,cell,47.2370206,elife-33927-fig1-data1-v1.xlsx,Figure 1H,420,C420,D420
environment,GPGGA,35,7,cell,46.655604499999995,elife-33927-fig1-data1-v1.xlsx,Figure 1H,421,C421,D421
environment,GPGGA,35,7,cell,54.9750145,elife-33927-fig1-data1-v1.xlsx,Figure 1H,422,C422,D422
environment,GPGGA,35,7,cell,55.152352199999996,elife-33927-fig1-data1-v1.xlsx,Figure 1H,423,C423,D423
environment,GPGGA,35,7,cell,47.2898259,elife-33927-fig1-data1-v1.xlsx,Figure 1H,424,C424,D424
environment,GPGGA,35,7,cell,39.833836,elife-33927-fig1-data1-v1.xlsx,Figure 1H,425,C425,D425
environment,GPGGA,35,7,cell,57.8332744,elife-33927-fig1-data1-v1.xlsx,Figure 1H,426,C426,D426
environment,GPGGA,35,7,cell,44.9755895,elife-33927-fig1-data1-v1.xlsx,Figure 1H,427,C427,D427
environment,GPGGA,35,7,cell,50.8692697,elife-33927-fig1-data1-v1.xlsx,Figure 1H,428,C428,D428
environment,GPGGA,35,7,cell,51.7873188,elife-33927-fig1-data1-v1.xlsx,Figure 1H,429,C429,D429
environment,GPGGA,35,7,cell,52.8644023,elife-33927-fig1-data1-v1.xlsx,Figure 1H,430,C430,D430
environment,GPGGA,35,7,cell,45.935392400000005,elife-33927-fig1-data1-v1.xlsx,Figure 1H,431,C431,D431
environment,GPGGA,35,7,cell,52.595940500000005,elife-33927-fig1-data1-v1.xlsx,Figure 1H,432,C432,D432
environment,GPGGA,35,7,cell,36.1789662,elife-33927-fig1-data1-v1.xlsx,Figure 1H,433,C433,D433
environment,GPGGA,35,7,cell,49.7158789,elife-33927-fig1-data1-v1.xlsx,Figure 1H,434,C434,D434
environment,GPGGA,35,7,cell,53.9656164,elife-33927-fig1-data1-v1.xlsx,Figure 1H,435,C435,D435
environment,GPGGA,35,7,cell,47.980009,elife-33927-fig1-data1-v1.xlsx,Figure 1H,436,C436,D436
environment,GPGGA,35,7,cell,50.06573949999999,elife-33927-fig1-data1-v1.xlsx,Figure 1H,437,C437,D437
environment,GPGGA,35,7,cell,49.8527265,elife-33927-fig1-data1-v1.xlsx,Figure 1H,438,C438,D438
environment,GPGGA,35,7,cell,46.3154302,elife-33927-fig1-data1-v1.xlsx,Figure 1H,439,C439,D439
environment,GPGGA,35,7,cell,46.5714218,elife-33927-fig1-data1-v1.xlsx,Figure 1H,440,C440,D440
environment,GPGGA,35,7,cell,47.8905892,elife-33927-fig1-data1-v1.xlsx,Figure 1H,441,C441,D441
environment,GPGGA,35,7,cell,50.8449084,elife-33927-fig1-data1-v1.xlsx,Figure 1H,442,C442,D442
environment,GPGGA,35,7,cell,49.172923000000004,elife-33927-fig1-data1-v1.xlsx,Figure 1H,443,C443,D443
environment,GPGGA,35,7,cell,49.9796428,elife-33927-fig1-data1-v1.xlsx,Figure 1H,444,C444,D444
environment,GPGGA,35,7,cell,57.2862603,elife-33927-fig1-data1-v1.xlsx,Figure 1H,445,C445,D445
environment,GPGGA,35,7,cell,52.9917736,elife-33927-fig1-data1-v1.xlsx,Figure 1H,446,C446,D446
environment,GPGGA,35,7,cell,44.861748,elife-33927-fig1-data1-v1.xlsx,Figure 1H,447,C447,D447
environment,GPGGA,35,7,cell,49.7797094,elife-33927-fig1-data1-v1.xlsx,Figure 1H,448,C448,D448
environment,GPGGA,35,7,cell,43.7029218,elife-33927-fig1-data1-v1.xlsx,Figure 1H,449,C449,D449
environment,GPGGA,35,7,cell,54.7894794,elife-33927-fig1-data1-v1.xlsx,Figure 1H,450,C450,D450
environment,GPGGA,35,7,cell,47.1833952,elife-33927-fig1-data1-v1.xlsx,Figure 1H,451,C451,D451
environment,GPGGA,35,7,cell,37.511619,elife-33927-fig1-data1-v1.xlsx,Figure 1H,452,C452,D452
environment,GPGGA,35,7,cell,52.486679800000005,elife-33927-fig1-data1-v1.xlsx,Figure 1H,453,C453,D453
environment,GPGGA,35,7,cell,37.2220611,elife-33927-fig1-data1-v1.xlsx,Figure 1H,454,C454,D454
environment,GPGGA,35,7,cell,60.0257963,elife-33927-fig1-data1-v1.xlsx,Figure 1H,455,C455,D455
environment,GPGGA,35,7,cell,45.717925,elife-33927-fig1-data1-v1.xlsx,Figure 1H,456,C456,D456
environment,GPGGA,35,7,cell,48.969703599999995,elife-33927-fig1-data1-v1.xlsx,Figure 1H,457,C457,D457
environment,GPGGA,35,7,cell,50.026133900000005,elife-33927-fig1-data1-v1.xlsx,Figure 1H,458,C458,D458
environment,GPGGA,35,7,cell,60.5129272,elife-33927-fig1-data1-v1.xlsx,Figure 1H,459,C459,D459
environment,GPGGA,35,7,cell,44.117789200000004,elife-33927-fig1-data1-v1.xlsx,Figure 1H,460,C460,D460
environment,GPGGA,35,7,cell,40.0372186,elife-33927-fig1-data1-v1.xlsx,Figure 1H,461,C461,D461
environment,GPGGA,35,7,cell,47.1737395,elife-33927-fig1-data1-v1.xlsx,Figure 1H,462,C462,D462
environment,GGSGGS,12,2,cell,59.6694666,elife-33927-fig1-data1-v1.xlsx,Figure 1H,4,I4,J4
environment,GGSGGS,12,2,cell,62.90917150000001,elife-33927-fig1-data1-v1.xlsx,Figure 1H,5,I5,J5
environment,GGSGGS,12,2,cell,48.8428517,elife-33927-fig1-data1-v1.xlsx,Figure 1H,6,I6,J6
environment,GGSGGS,12,2,cell,63.2167002,elife-33927-fig1-data1-v1.xlsx,Figure 1H,7,I7,J7
environment,GGSGGS,12,2,cell,41.8442545,elife-33927-fig1-data1-v1.xlsx,Figure 1H,8,I8,J8
environment,GGSGGS,12,2,cell,51.3612052,elife-33927-fig1-data1-v1.xlsx,Figure 1H,9,I9,J9
environment,GGSGGS,12,2,cell,64.8743716,elife-33927-fig1-data1-v1.xlsx,Figure 1H,10,I10,J10
environment,GGSGGS,12,2,cell,66.01591140000001,elife-33927-fig1-data1-v1.xlsx,Figure 1H,11,I11,J11
environment,GGSGGS,12,2,cell,65.6132229,elife-33927-fig1-data1-v1.xlsx,Figure 1H,12,I12,J12
environment,GGSGGS,12,2,cell,51.37990489999999,elife-33927-fig1-data1-v1.xlsx,Figure 1H,13,I13,J13
environment,GGSGGS,12,2,cell,59.771171499999994,elife-33927-fig1-data1-v1.xlsx,Figure 1H,14,I14,J14
environment,GGSGGS,12,2,cell,65.110653,elife-33927-fig1-data1-v1.xlsx,Figure 1H,15,I15,J15
environment,GGSGGS,12,2,cell,58.2340333,elife-33927-fig1-data1-v1.xlsx,Figure 1H,16,I16,J16
environment,GGSGGS,12,2,cell,58.587831300000005,elife-33927-fig1-data1-v1.xlsx,Figure 1H,17,I17,J17
environment,GGSGGS,12,2,cell,57.2672423,elife-33927-fig1-data1-v1.xlsx,Figure 1H,18,I18,J18
environment,GGSGGS,12,2,cell,62.2541947,elife-33927-fig1-data1-v1.xlsx,Figure 1H,19,I19,J19
environment,GGSGGS,12,2,cell,42.7571337,elife-33927-fig1-data1-v1.xlsx,Figure 1H,20,I20,J20
environment,GGSGGS,12,2,cell,61.4649385,elife-33927-fig1-data1-v1.xlsx,Figure 1H,21,I21,J21
environment,GGSGGS,12,2,cell,44.2665183,elife-33927-fig1-data1-v1.xlsx,Figure 1H,22,I22,J22
environment,GGSGGS,12,2,cell,55.768746,elife-33927-fig1-data1-v1.xlsx,Figure 1H,23,I23,J23
environment,GGSGGS,12,2,cell,59.7910267,elife-33927-fig1-data1-v1.xlsx,Figure 1H,24,I24,J24
environment,GGSGGS,12,2,cell,60.6120672,elife-33927-fig1-data1-v1.xlsx,Figure 1H,25,I25,J25
environment,GGSGGS,12,2,cell,65.4484399,elife-33927-fig1-data1-v1.xlsx,Figure 1H,26,I26,J26
environment,GGSGGS,12,2,cell,65.13101230000001,elife-33927-fig1-data1-v1.xlsx,Figure 1H,27,I27,J27
environment,GGSGGS,12,2,cell,66.0597407,elife-33927-fig1-data1-v1.xlsx,Figure 1H,28,I28,J28
environment,GGSGGS,12,2,cell,55.3913849,elife-33927-fig1-data1-v1.xlsx,Figure 1H,29,I29,J29
environment,GGSGGS,12,2,cell,60.73524329999999,elife-33927-fig1-data1-v1.xlsx,Figure 1H,30,I30,J30
environment,GGSGGS,12,2,cell,65.57444799999999,elife-33927-fig1-data1-v1.xlsx,Figure 1H,31,I31,J31
environment,GGSGGS,12,2,cell,63.131472499999994,elife-33927-fig1-data1-v1.xlsx,Figure 1H,32,I32,J32
environment,GGSGGS,12,2,cell,59.946214399999995,elife-33927-fig1-data1-v1.xlsx,Figure 1H,33,I33,J33
environment,GGSGGS,12,2,cell,61.6926224,elife-33927-fig1-data1-v1.xlsx,Figure 1H,34,I34,J34
environment,GGSGGS,12,2,cell,55.530664699999996,elife-33927-fig1-data1-v1.xlsx,Figure 1H,35,I35,J35
environment,GGSGGS,12,2,cell,60.8173124,elife-33927-fig1-data1-v1.xlsx,Figure 1H,36,I36,J36
environment,GGSGGS,12,2,cell,63.566201,elife-33927-fig1-data1-v1.xlsx,Figure 1H,37,I37,J37
environment,GGSGGS,12,2,cell,63.45442249999999,elife-33927-fig1-data1-v1.xlsx,Figure 1H,38,I38,J38
environment,GGSGGS,12,2,cell,58.2956587,elife-33927-fig1-data1-v1.xlsx,Figure 1H,39,I39,J39
environment,GGSGGS,12,2,cell,61.143511800000006,elife-33927-fig1-data1-v1.xlsx,Figure 1H,40,I40,J40
environment,GGSGGS,12,2,cell,45.555537699999995,elife-33927-fig1-data1-v1.xlsx,Figure 1H,41,I41,J41
environment,GGSGGS,12,2,cell,60.5247784,elife-33927-fig1-data1-v1.xlsx,Figure 1H,42,I42,J42
environment,GGSGGS,12,2,cell,63.8659605,elife-33927-fig1-data1-v1.xlsx,Figure 1H,43,I43,J43
environment,GGSGGS,12,2,cell,56.750125399999995,elife-33927-fig1-data1-v1.xlsx,Figure 1H,44,I44,J44
environment,GGSGGS,12,2,cell,65.7690143,elife-33927-fig1-data1-v1.xlsx,Figure 1H,45,I45,J45
environment,GGSGGS,12,2,cell,62.7065744,elife-33927-fig1-data1-v1.xlsx,Figure 1H,46,I46,J46
environment,GGSGGS,12,2,cell,57.5096127,elife-33927-fig1-data1-v1.xlsx,Figure 1H,47,I47,J47
environment,GGSGGS,12,2,cell,61.0257893,elife-33927-fig1-data1-v1.xlsx,Figure 1H,48,I48,J48
environment,GGSGGS,12,2,cell,66.32833000000001,elife-33927-fig1-data1-v1.xlsx,Figure 1H,49,I49,J49
environment,GGSGGS,12,2,cell,62.5764689,elife-33927-fig1-data1-v1.xlsx,Figure 1H,50,I50,J50
environment,GGSGGS,12,2,cell,55.764071400000006,elife-33927-fig1-data1-v1.xlsx,Figure 1H,51,I51,J51
environment,GGSGGS,12,2,cell,63.5825411,elife-33927-fig1-data1-v1.xlsx,Figure 1H,52,I52,J52
environment,GGSGGS,12,2,cell,68.27966359999999,elife-33927-fig1-data1-v1.xlsx,Figure 1H,53,I53,J53
environment,GGSGGS,12,2,cell,67.2169681,elife-33927-fig1-data1-v1.xlsx,Figure 1H,54,I54,J54
environment,GGSGGS,12,2,cell,65.3648941,elife-33927-fig1-data1-v1.xlsx,Figure 1H,55,I55,J55
environment,GGSGGS,12,2,cell,53.8354828,elife-33927-fig1-data1-v1.xlsx,Figure 1H,56,I56,J56
environment,GGSGGS,12,2,cell,63.1924796,elife-33927-fig1-data1-v1.xlsx,Figure 1H,57,I57,J57
environment,GGSGGS,12,2,cell,60.220247900000004,elife-33927-fig1-data1-v1.xlsx,Figure 1H,58,I58,J58
environment,GGSGGS,12,2,cell,50.5383903,elife-33927-fig1-data1-v1.xlsx,Figure 1H,59,I59,J59
environment,GGSGGS,12,2,cell,65.3381162,elife-33927-fig1-data1-v1.xlsx,Figure 1H,60,I60,J60
environment,GGSGGS,12,2,cell,61.293847,elife-33927-fig1-data1-v1.xlsx,Figure 1H,61,I61,J61
environment,GGSGGS,12,2,cell,63.159780399999995,elife-33927-fig1-data1-v1.xlsx,Figure 1H,62,I62,J62
environment,GGSGGS,12,2,cell,62.280825500000006,elife-33927-fig1-data1-v1.xlsx,Figure 1H,63,I63,J63
environment,GGSGGS,12,2,cell,64.919332,elife-33927-fig1-data1-v1.xlsx,Figure 1H,64,I64,J64
environment,GGSGGS,12,2,cell,64.4659903,elife-33927-fig1-data1-v1.xlsx,Figure 1H,65,I65,J65
environment,GGSGGS,12,2,cell,54.999104499999994,elife-33927-fig1-data1-v1.xlsx,Figure 1H,66,I66,J66
environment,GGSGGS,12,2,cell,62.302229600000004,elife-33927-fig1-data1-v1.xlsx,Figure 1H,67,I67,J67
environment,GGSGGS,12,2,cell,63.638147499999995,elife-33927-fig1-data1-v1.xlsx,Figure 1H,68,I68,J68
environment,GGSGGS,12,2,cell,45.172287,elife-33927-fig1-data1-v1.xlsx,Figure 1H,69,I69,J69
environment,GGSGGS,12,2,cell,62.1828364,elife-33927-fig1-data1-v1.xlsx,Figure 1H,70,I70,J70
environment,GGSGGS,12,2,cell,64.5191517,elife-33927-fig1-data1-v1.xlsx,Figure 1H,71,I71,J71
environment,GGSGGS,12,2,cell,61.8836673,elife-33927-fig1-data1-v1.xlsx,Figure 1H,72,I72,J72
environment,GGSGGS,12,2,cell,63.0043842,elife-33927-fig1-data1-v1.xlsx,Figure 1H,73,I73,J73
environment,GGSGGS,12,2,cell,64.14921799999999,elife-33927-fig1-data1-v1.xlsx,Figure 1H,74,I74,J74
environment,GGSGGS,12,2,cell,59.2832143,elife-33927-fig1-data1-v1.xlsx,Figure 1H,75,I75,J75
environment,GGSGGS,12,2,cell,54.9007394,elife-33927-fig1-data1-v1.xlsx,Figure 1H,76,I76,J76
environment,GGSGGS,12,2,cell,62.325197200000005,elife-33927-fig1-data1-v1.xlsx,Figure 1H,77,I77,J77
environment,GGSGGS,30,5,cell,37.0122731,elife-33927-fig1-data1-v1.xlsx,Figure 1H,78,I78,J78
environment,GGSGGS,30,5,cell,47.0180749,elife-33927-fig1-data1-v1.xlsx,Figure 1H,79,I79,J79
environment,GGSGGS,30,5,cell,52.6615601,elife-33927-fig1-data1-v1.xlsx,Figure 1H,80,I80,J80
environment,GGSGGS,30,5,cell,52.9739608,elife-33927-fig1-data1-v1.xlsx,Figure 1H,81,I81,J81
environment,GGSGGS,30,5,cell,55.4572234,elife-33927-fig1-data1-v1.xlsx,Figure 1H,82,I82,J82
environment,GGSGGS,30,5,cell,44.4863685,elife-33927-fig1-data1-v1.xlsx,Figure 1H,83,I83,J83
environment,GGSGGS,30,5,cell,52.384135300000004,elife-33927-fig1-data1-v1.xlsx,Figure 1H,84,I84,J84
environment,GGSGGS,30,5,cell,47.1247277,elife-33927-fig1-data1-v1.xlsx,Figure 1H,85,I85,J85
environment,GGSGGS,30,5,cell,35.658653,elife-33927-fig1-data1-v1.xlsx,Figure 1H,86,I86,J86
environment,GGSGGS,30,5,cell,54.827024300000005,elife-33927-fig1-data1-v1.xlsx,Figure 1H,87,I87,J87
environment,GGSGGS,30,5,cell,55.1300024,elife-33927-fig1-data1-v1.xlsx,Figure 1H,88,I88,J88
environment,GGSGGS,30,5,cell,54.617088800000005,elife-33927-fig1-data1-v1.xlsx,Figure 1H,89,I89,J89
environment,GGSGGS,30,5,cell,41.9919535,elife-33927-fig1-data1-v1.xlsx,Figure 1H,90,I90,J90
environment,GGSGGS,30,5,cell,53.2682982,elife-33927-fig1-data1-v1.xlsx,Figure 1H,91,I91,J91
environment,GGSGGS,30,5,cell,37.6118536,elife-33927-fig1-data1-v1.xlsx,Figure 1H,92,I92,J92
environment,GGSGGS,30,5,cell,26.1939282,elife-33927-fig1-data1-v1.xlsx,Figure 1H,93,I93,J93
environment,GGSGGS,30,5,cell,44.1071971,elife-33927-fig1-data1-v1.xlsx,Figure 1H,94,I94,J94
environment,GGSGGS,30,5,cell,52.4109734,elife-33927-fig1-data1-v1.xlsx,Figure 1H,95,I95,J95
environment,GGSGGS,30,5,cell,52.093758300000005,elife-33927-fig1-data1-v1.xlsx,Figure 1H,96,I96,J96
environment,GGSGGS,30,5,cell,54.0133722,elife-33927-fig1-data1-v1.xlsx,Figure 1H,97,I97,J97
environment,GGSGGS,30,5,cell,47.7237078,elife-33927-fig1-data1-v1.xlsx,Figure 1H,98,I98,J98
environment,GGSGGS,30,5,cell,55.4809668,elife-33927-fig1-data1-v1.xlsx,Figure 1H,99,I99,J99
environment,GGSGGS,30,5,cell,51.0242548,elife-33927-fig1-data1-v1.xlsx,Figure 1H,100,I100,J100
environment,GGSGGS,30,5,cell,54.3179709,elife-33927-fig1-data1-v1.xlsx,Figure 1H,101,I101,J101
environment,GGSGGS,30,5,cell,55.1291626,elife-33927-fig1-data1-v1.xlsx,Figure 1H,102,I102,J102
environment,GGSGGS,30,5,cell,53.6362766,elife-33927-fig1-data1-v1.xlsx,Figure 1H,103,I103,J103
environment,GGSGGS,30,5,cell,51.0021953,elife-33927-fig1-data1-v1.xlsx,Figure 1H,104,I104,J104
environment,GGSGGS,30,5,cell,49.7352721,elife-33927-fig1-data1-v1.xlsx,Figure 1H,105,I105,J105
environment,GGSGGS,30,5,cell,53.394215599999995,elife-33927-fig1-data1-v1.xlsx,Figure 1H,106,I106,J106
environment,GGSGGS,30,5,cell,55.3954423,elife-33927-fig1-data1-v1.xlsx,Figure 1H,107,I107,J107
environment,GGSGGS,30,5,cell,54.5744617,elife-33927-fig1-data1-v1.xlsx,Figure 1H,108,I108,J108
environment,GGSGGS,30,5,cell,47.6655212,elife-33927-fig1-data1-v1.xlsx,Figure 1H,109,I109,J109
environment,GGSGGS,30,5,cell,48.357869199999996,elife-33927-fig1-data1-v1.xlsx,Figure 1H,110,I110,J110
environment,GGSGGS,30,5,cell,48.777020300000004,elife-33927-fig1-data1-v1.xlsx,Figure 1H,111,I111,J111
environment,GGSGGS,30,5,cell,52.8541733,elife-33927-fig1-data1-v1.xlsx,Figure 1H,112,I112,J112
environment,GGSGGS,30,5,cell,50.86274280000001,elife-33927-fig1-data1-v1.xlsx,Figure 1H,113,I113,J113
environment,GGSGGS,30,5,cell,49.0152333,elife-33927-fig1-data1-v1.xlsx,Figure 1H,114,I114,J114
environment,GGSGGS,30,5,cell,54.93576839999999,elife-33927-fig1-data1-v1.xlsx,Figure 1H,115,I115,J115
environment,GGSGGS,30,5,cell,51.099118499999996,elife-33927-fig1-data1-v1.xlsx,Figure 1H,116,I116,J116
environment,GGSGGS,30,5,cell,52.5445433,elife-33927-fig1-data1-v1.xlsx,Figure 1H,117,I117,J117
environment,GGSGGS,30,5,cell,55.0270472,elife-33927-fig1-data1-v1.xlsx,Figure 1H,118,I118,J118
environment,GGSGGS,30,5,cell,50.126682,elife-33927-fig1-data1-v1.xlsx,Figure 1H,119,I119,J119
environment,GGSGGS,30,5,cell,47.637599800000004,elife-33927-fig1-data1-v1.xlsx,Figure 1H,120,I120,J120
environment,GGSGGS,30,5,cell,49.6933373,elife-33927-fig1-data1-v1.xlsx,Figure 1H,121,I121,J121
environment,GGSGGS,30,5,cell,53.682191599999996,elife-33927-fig1-data1-v1.xlsx,Figure 1H,122,I122,J122
environment,GGSGGS,30,5,cell,56.6999096,elife-33927-fig1-data1-v1.xlsx,Figure 1H,123,I123,J123
environment,GGSGGS,30,5,cell,51.221153900000004,elife-33927-fig1-data1-v1.xlsx,Figure 1H,124,I124,J124
environment,GGSGGS,30,5,cell,57.484094500000005,elife-33927-fig1-data1-v1.xlsx,Figure 1H,125,I125,J125
environment,GGSGGS,30,5,cell,42.3045623,elife-33927-fig1-data1-v1.xlsx,Figure 1H,126,I126,J126
environment,GGSGGS,30,5,cell,52.1198142,elife-33927-fig1-data1-v1.xlsx,Figure 1H,127,I127,J127
environment,GGSGGS,30,5,cell,54.47728670000001,elife-33927-fig1-data1-v1.xlsx,Figure 1H,128,I128,J128
environment,GGSGGS,30,5,cell,55.303460199999996,elife-33927-fig1-data1-v1.xlsx,Figure 1H,129,I129,J129
environment,GGSGGS,30,5,cell,53.308226000000005,elife-33927-fig1-data1-v1.xlsx,Figure 1H,130,I130,J130
environment,GGSGGS,30,5,cell,55.426530299999996,elife-33927-fig1-data1-v1.xlsx,Figure 1H,131,I131,J131
environment,GGSGGS,30,5,cell,54.3220687,elife-33927-fig1-data1-v1.xlsx,Figure 1H,132,I132,J132
environment,GGSGGS,30,5,cell,56.61185869999999,elife-33927-fig1-data1-v1.xlsx,Figure 1H,133,I133,J133
environment,GGSGGS,30,5,cell,57.7103817,elife-33927-fig1-data1-v1.xlsx,Figure 1H,134,I134,J134
environment,GGSGGS,30,5,cell,50.427291100000005,elife-33927-fig1-data1-v1.xlsx,Figure 1H,135,I135,J135
environment,GGSGGS,30,5,cell,49.4473019,elife-33927-fig1-data1-v1.xlsx,Figure 1H,136,I136,J136
environment,GGSGGS,30,5,cell,48.0689517,elife-33927-fig1-data1-v1.xlsx,Figure 1H,137,I137,J137
environment,GGSGGS,30,5,cell,45.8378244,elife-33927-fig1-data1-v1.xlsx,Figure 1H,138,I138,J138
environment,GGSGGS,30,5,cell,40.4764607,elife-33927-fig1-data1-v1.xlsx,Figure 1H,139,I139,J139
environment,GGSGGS,30,5,cell,50.5716072,elife-33927-fig1-data1-v1.xlsx,Figure 1H,140,I140,J140
environment,GGSGGS,30,5,cell,58.10961879999999,elife-33927-fig1-data1-v1.xlsx,Figure 1H,141,I141,J141
environment,GGSGGS,30,5,cell,49.6376474,elife-33927-fig1-data1-v1.xlsx,Figure 1H,142,I142,J142
environment,GGSGGS,30,5,cell,39.0372832,elife-33927-fig1-data1-v1.xlsx,Figure 1H,143,I143,J143
environment,GGSGGS,30,5,cell,54.5825786,elife-33927-fig1-data1-v1.xlsx,Figure 1H,144,I144,J144
environment,GGSGGS,30,5,cell,51.2885593,elife-33927-fig1-data1-v1.xlsx,Figure 1H,145,I145,J145
environment,GGSGGS,30,5,cell,41.3355575,elife-33927-fig1-data1-v1.xlsx,Figure 1H,146,I146,J146
environment,GGSGGS,30,5,cell,55.3224061,elife-33927-fig1-data1-v1.xlsx,Figure 1H,147,I147,J147
environment,GGSGGS,30,5,cell,51.7320482,elife-33927-fig1-data1-v1.xlsx,Figure 1H,148,I148,J148
environment,GGSGGS,30,5,cell,55.2171571,elife-33927-fig1-data1-v1.xlsx,Figure 1H,149,I149,J149
environment,GGSGGS,30,5,cell,57.0035089,elife-33927-fig1-data1-v1.xlsx,Figure 1H,150,I150,J150
environment,GGSGGS,30,5,cell,54.7998454,elife-33927-fig1-data1-v1.xlsx,Figure 1H,151,I151,J151
environment,GGSGGS,30,5,cell,53.4015132,elife-33927-fig1-data1-v1.xlsx,Figure 1H,152,I152,J152
environment,GGSGGS,30,5,cell,56.9695828,elife-33927-fig1-data1-v1.xlsx,Figure 1H,153,I153,J153
environment,GGSGGS,30,5,cell,51.7803557,elife-33927-fig1-data1-v1.xlsx,Figure 1H,154,I154,J154
environment,GGSGGS,30,5,cell,52.387028400000005,elife-33927-fig1-data1-v1.xlsx,Figure 1H,155,I155,J155
environment,GGSGGS,30,5,cell,56.642275,elife-33927-fig1-data1-v1.xlsx,Figure 1H,156,I156,J156
environment,GGSGGS,30,5,cell,43.9599757,elife-33927-fig1-data1-v1.xlsx,Figure 1H,157,I157,J157
environment,GGSGGS,30,5,cell,41.3267892,elife-33927-fig1-data1-v1.xlsx,Figure 1H,158,I158,J158
environment,GGSGGS,30,5,cell,45.8454062,elife-33927-fig1-data1-v1.xlsx,Figure 1H,159,I159,J159
environment,GGSGGS,30,5,cell,49.532244199999994,elife-33927-fig1-data1-v1.xlsx,Figure 1H,160,I160,J160
environment,GGSGGS,30,5,cell,52.631395999999995,elife-33927-fig1-data1-v1.xlsx,Figure 1H,161,I161,J161
environment,GGSGGS,30,5,cell,52.342442199999994,elife-33927-fig1-data1-v1.xlsx,Figure 1H,162,I162,J162
environment,GGSGGS,30,5,cell,55.130659400000006,elife-33927-fig1-data1-v1.xlsx,Figure 1H,163,I163,J163
environment,GGSGGS,42,7,cell,44.287988299999995,elife-33927-fig1-data1-v1.xlsx,Figure 1H,164,I164,J164
environment,GGSGGS,42,7,cell,44.1855238,elife-33927-fig1-data1-v1.xlsx,Figure 1H,165,I165,J165
environment,GGSGGS,42,7,cell,49.9182582,elife-33927-fig1-data1-v1.xlsx,Figure 1H,166,I166,J166
environment,GGSGGS,42,7,cell,45.016168,elife-33927-fig1-data1-v1.xlsx,Figure 1H,167,I167,J167
environment,GGSGGS,42,7,cell,44.3591016,elife-33927-fig1-data1-v1.xlsx,Figure 1H,168,I168,J168
environment,GGSGGS,42,7,cell,44.5416157,elife-33927-fig1-data1-v1.xlsx,Figure 1H,169,I169,J169
environment,GGSGGS,42,7,cell,28.291157099999996,elife-33927-fig1-data1-v1.xlsx,Figure 1H,170,I170,J170
environment,GGSGGS,42,7,cell,51.346401799999995,elife-33927-fig1-data1-v1.xlsx,Figure 1H,171,I171,J171
environment,GGSGGS,42,7,cell,49.3826284,elife-33927-fig1-data1-v1.xlsx,Figure 1H,172,I172,J172
environment,GGSGGS,42,7,cell,47.647595599999995,elife-33927-fig1-data1-v1.xlsx,Figure 1H,173,I173,J173
environment,GGSGGS,42,7,cell,31.7848012,elife-33927-fig1-data1-v1.xlsx,Figure 1H,174,I174,J174
environment,GGSGGS,42,7,cell,49.6233858,elife-33927-fig1-data1-v1.xlsx,Figure 1H,175,I175,J175
environment,GGSGGS,42,7,cell,48.3567992,elife-33927-fig1-data1-v1.xlsx,Figure 1H,176,I176,J176
environment,GGSGGS,42,7,cell,33.9657718,elife-33927-fig1-data1-v1.xlsx,Figure 1H,177,I177,J177
environment,GGSGGS,42,7,cell,45.2552205,elife-33927-fig1-data1-v1.xlsx,Figure 1H,178,I178,J178
environment,GGSGGS,42,7,cell,48.0111813,elife-33927-fig1-data1-v1.xlsx,Figure 1H,179,I179,J179
environment,GGSGGS,42,7,cell,51.6690518,elife-33927-fig1-data1-v1.xlsx,Figure 1H,180,I180,J180
environment,GGSGGS,42,7,cell,48.6882594,elife-33927-fig1-data1-v1.xlsx,Figure 1H,181,I181,J181
environment,GGSGGS,42,7,cell,50.424219400000005,elife-33927-fig1-data1-v1.xlsx,Figure 1H,182,I182,J182
environment,GGSGGS,42,7,cell,50.3122058,elife-33927-fig1-data1-v1.xlsx,Figure 1H,183,I183,J183
environment,GGSGGS,42,7,cell,48.240776499999996,elife-33927-fig1-data1-v1.xlsx,Figure 1H,184,I184,J184
environment,GGSGGS,42,7,cell,46.4739571,elife-33927-fig1-data1-v1.xlsx,Figure 1H,185,I185,J185
environment,GGSGGS,42,7,cell,52.4157519,elife-33927-fig1-data1-v1.xlsx,Figure 1H,186,I186,J186
environment,GGSGGS,42,7,cell,45.3548865,elife-33927-fig1-data1-v1.xlsx,Figure 1H,187,I187,J187
environment,GGSGGS,42,7,cell,47.2783141,elife-33927-fig1-data1-v1.xlsx,Figure 1H,188,I188,J188
environment,GGSGGS,42,7,cell,49.439999,elife-33927-fig1-data1-v1.xlsx,Figure 1H,189,I189,J189
environment,GGSGGS,42,7,cell,51.2941434,elife-33927-fig1-data1-v1.xlsx,Figure 1H,190,I190,J190
environment,GGSGGS,42,7,cell,50.010812400000006,elife-33927-fig1-data1-v1.xlsx,Figure 1H,191,I191,J191
environment,GGSGGS,42,7,cell,48.351091600000004,elife-33927-fig1-data1-v1.xlsx,Figure 1H,192,I192,J192
environment,GGSGGS,42,7,cell,46.391181599999996,elife-33927-fig1-data1-v1.xlsx,Figure 1H,193,I193,J193
environment,GGSGGS,42,7,cell,51.7012421,elife-33927-fig1-data1-v1.xlsx,Figure 1H,194,I194,J194
environment,GGSGGS,42,7,cell,55.1106444,elife-33927-fig1-data1-v1.xlsx,Figure 1H,195,I195,J195
environment,GGSGGS,42,7,cell,47.1749348,elife-33927-fig1-data1-v1.xlsx,Figure 1H,196,I196,J196
environment,GGSGGS,42,7,cell,50.9178275,elife-33927-fig1-data1-v1.xlsx,Figure 1H,197,I197,J197
environment,GGSGGS,42,7,cell,49.6582698,elife-33927-fig1-data1-v1.xlsx,Figure 1H,198,I198,J198
environment,GGSGGS,42,7,cell,51.8621566,elife-33927-fig1-data1-v1.xlsx,Figure 1H,199,I199,J199
environment,GGSGGS,42,7,cell,52.5502569,elife-33927-fig1-data1-v1.xlsx,Figure 1H,200,I200,J200
environment,GGSGGS,42,7,cell,48.1504185,elife-33927-fig1-data1-v1.xlsx,Figure 1H,201,I201,J201
environment,GGSGGS,42,7,cell,48.1139374,elife-33927-fig1-data1-v1.xlsx,Figure 1H,202,I202,J202
environment,GGSGGS,42,7,cell,49.4119706,elife-33927-fig1-data1-v1.xlsx,Figure 1H,203,I203,J203
environment,GGSGGS,42,7,cell,46.400839,elife-33927-fig1-data1-v1.xlsx,Figure 1H,204,I204,J204
environment,GGSGGS,42,7,cell,44.552375500000004,elife-33927-fig1-data1-v1.xlsx,Figure 1H,205,I205,J205
environment,GGSGGS,42,7,cell,46.394359200000004,elife-33927-fig1-data1-v1.xlsx,Figure 1H,206,I206,J206
environment,GGSGGS,42,7,cell,51.4579781,elife-33927-fig1-data1-v1.xlsx,Figure 1H,207,I207,J207
environment,GGSGGS,42,7,cell,52.1718168,elife-33927-fig1-data1-v1.xlsx,Figure 1H,208,I208,J208
environment,GGSGGS,42,7,cell,52.1626669,elife-33927-fig1-data1-v1.xlsx,Figure 1H,209,I209,J209
environment,GGSGGS,42,7,cell,51.979812,elife-33927-fig1-data1-v1.xlsx,Figure 1H,210,I210,J210
environment,GGSGGS,42,7,cell,49.7709646,elife-33927-fig1-data1-v1.xlsx,Figure 1H,211,I211,J211
environment,GGSGGS,42,7,cell,48.4721689,elife-33927-fig1-data1-v1.xlsx,Figure 1H,212,I212,J212
environment,GGSGGS,42,7,cell,54.000653,elife-33927-fig1-data1-v1.xlsx,Figure 1H,213,I213,J213
environment,GGSGGS,42,7,cell,41.3890207,elife-33927-fig1-data1-v1.xlsx,Figure 1H,214,I214,J214
environment,GGSGGS,42,7,cell,50.209029400000006,elife-33927-fig1-data1-v1.xlsx,Figure 1H,215,I215,J215
environment,GGSGGS,42,7,cell,48.8302365,elife-33927-fig1-data1-v1.xlsx,Figure 1H,216,I216,J216
environment,GGSGGS,42,7,cell,55.849283400000004,elife-33927-fig1-data1-v1.xlsx,Figure 1H,217,I217,J217
environment,GGSGGS,42,7,cell,53.5318482,elife-33927-fig1-data1-v1.xlsx,Figure 1H,218,I218,J218
environment,GGSGGS,42,7,cell,49.045609,elife-33927-fig1-data1-v1.xlsx,Figure 1H,219,I219,J219
environment,GGSGGS,42,7,cell,29.9108797,elife-33927-fig1-data1-v1.xlsx,Figure 1H,220,I220,J220
environment,GGSGGS,42,7,cell,46.6725888,elife-33927-fig1-data1-v1.xlsx,Figure 1H,221,I221,J221
environment,GGSGGS,42,7,cell,49.9119656,elife-33927-fig1-data1-v1.xlsx,Figure 1H,222,I222,J222
environment,GGSGGS,42,7,cell,42.7517,elife-33927-fig1-data1-v1.xlsx,Figure 1H,223,I223,J223
environment,GGSGGS,42,7,cell,37.6608722,elife-33927-fig1-data1-v1.xlsx,Figure 1H,224,I224,J224
environment,GGSGGS,42,7,cell,50.275354699999994,elife-33927-fig1-data1-v1.xlsx,Figure 1H,225,I225,J225
environment,GGSGGS,42,7,cell,49.126723999999996,elife-33927-fig1-data1-v1.xlsx,Figure 1H,226,I226,J226
environment,GGSGGS,42,7,cell,43.8219116,elife-33927-fig1-data1-v1.xlsx,Figure 1H,227,I227,J227
environment,GGSGGS,42,7,cell,43.3309292,elife-33927-fig1-data1-v1.xlsx,Figure 1H,228,I228,J228
environment,GGSGGS,42,7,cell,37.77346,elife-33927-fig1-data1-v1.xlsx,Figure 1H,229,I229,J229
environment,GGSGGS,42,7,cell,50.540448500000004,elife-33927-fig1-data1-v1.xlsx,Figure 1H,230,I230,J230
environment,GGSGGS,42,7,cell,48.3230074,elife-33927-fig1-data1-v1.xlsx,Figure 1H,231,I231,J231
environment,GGSGGS,42,7,cell,49.0976017,elife-33927-fig1-data1-v1.xlsx,Figure 1H,232,I232,J232
environment,GGSGGS,42,7,cell,52.0713426,elife-33927-fig1-data1-v1.xlsx,Figure 1H,233,I233,J233
environment,GGSGGS,42,7,cell,29.167560799999997,elife-33927-fig1-data1-v1.xlsx,Figure 1H,234,I234,J234
environment,GGSGGS,42,7,cell,45.0946083,elife-33927-fig1-data1-v1.xlsx,Figure 1H,235,I235,J235
environment,GGSGGS,54,9,cell,44.7687979,elife-33927-fig1-data1-v1.xlsx,Figure 1H,236,I236,J236
environment,GGSGGS,54,9,cell,45.0157439,elife-33927-fig1-data1-v1.xlsx,Figure 1H,237,I237,J237
environment,GGSGGS,54,9,cell,52.6870536,elife-33927-fig1-data1-v1.xlsx,Figure 1H,238,I238,J238
environment,GGSGGS,54,9,cell,35.0642407,elife-33927-fig1-data1-v1.xlsx,Figure 1H,239,I239,J239
environment,GGSGGS,54,9,cell,55.046305600000004,elife-33927-fig1-data1-v1.xlsx,Figure 1H,240,I240,J240
environment,GGSGGS,54,9,cell,41.0586734,elife-33927-fig1-data1-v1.xlsx,Figure 1H,241,I241,J241
environment,GGSGGS,54,9,cell,48.3403761,elife-33927-fig1-data1-v1.xlsx,Figure 1H,242,I242,J242
environment,GGSGGS,54,9,cell,46.9836951,elife-33927-fig1-data1-v1.xlsx,Figure 1H,243,I243,J243
environment,GGSGGS,54,9,cell,48.1047968,elife-33927-fig1-data1-v1.xlsx,Figure 1H,244,I244,J244
environment,GGSGGS,54,9,cell,36.6053829,elife-33927-fig1-data1-v1.xlsx,Figure 1H,245,I245,J245
environment,GGSGGS,54,9,cell,47.028820599999996,elife-33927-fig1-data1-v1.xlsx,Figure 1H,246,I246,J246
environment,GGSGGS,54,9,cell,38.1244984,elife-33927-fig1-data1-v1.xlsx,Figure 1H,247,I247,J247
environment,GGSGGS,54,9,cell,46.7200489,elife-33927-fig1-data1-v1.xlsx,Figure 1H,248,I248,J248
environment,GGSGGS,54,9,cell,35.349041799999995,elife-33927-fig1-data1-v1.xlsx,Figure 1H,249,I249,J249
environment,GGSGGS,54,9,cell,34.657821500000004,elife-33927-fig1-data1-v1.xlsx,Figure 1H,250,I250,J250
environment,GGSGGS,54,9,cell,43.1516451,elife-33927-fig1-data1-v1.xlsx,Figure 1H,251,I251,J251
environment,GGSGGS,54,9,cell,38.0889225,elife-33927-fig1-data1-v1.xlsx,Figure 1H,252,I252,J252
environment,GGSGGS,54,9,cell,43.7250947,elife-33927-fig1-data1-v1.xlsx,Figure 1H,253,I253,J253
environment,GGSGGS,54,9,cell,49.214735399999995,elife-33927-fig1-data1-v1.xlsx,Figure 1H,254,I254,J254
environment,GGSGGS,54,9,cell,45.0220482,elife-33927-fig1-data1-v1.xlsx,Figure 1H,255,I255,J255
environment,GGSGGS,54,9,cell,42.758203,elife-33927-fig1-data1-v1.xlsx,Figure 1H,256,I256,J256
environment,GGSGGS,54,9,cell,36.4490096,elife-33927-fig1-data1-v1.xlsx,Figure 1H,257,I257,J257
environment,GGSGGS,54,9,cell,43.584662200000004,elife-33927-fig1-data1-v1.xlsx,Figure 1H,258,I258,J258
environment,GGSGGS,54,9,cell,45.7606452,elife-33927-fig1-data1-v1.xlsx,Figure 1H,259,I259,J259
environment,GGSGGS,54,9,cell,43.914243400000004,elife-33927-fig1-data1-v1.xlsx,Figure 1H,260,I260,J260
environment,GGSGGS,54,9,cell,44.7703328,elife-33927-fig1-data1-v1.xlsx,Figure 1H,261,I261,J261
environment,GGSGGS,54,9,cell,38.5333037,elife-33927-fig1-data1-v1.xlsx,Figure 1H,262,I262,J262
environment,GGSGGS,54,9,cell,44.800783700000004,elife-33927-fig1-data1-v1.xlsx,Figure 1H,263,I263,J263
environment,GGSGGS,54,9,cell,40.738409,elife-33927-fig1-data1-v1.xlsx,Figure 1H,264,I264,J264
environment,GGSGGS,54,9,cell,42.4912651,elife-33927-fig1-data1-v1.xlsx,Figure 1H,265,I265,J265
environment,GGSGGS,54,9,cell,21.1458835,elife-33927-fig1-data1-v1.xlsx,Figure 1H,266,I266,J266
environment,GGSGGS,54,9,cell,21.2767122,elife-33927-fig1-data1-v1.xlsx,Figure 1H,267,I267,J267
environment,GGSGGS,54,9,cell,41.0578117,elife-33927-fig1-data1-v1.xlsx,Figure 1H,268,I268,J268
environment,GGSGGS,54,9,cell,46.491019900000005,elife-33927-fig1-data1-v1.xlsx,Figure 1H,269,I269,J269
environment,GGSGGS,54,9,cell,26.6883152,elife-33927-fig1-data1-v1.xlsx,Figure 1H,270,I270,J270
environment,GGSGGS,54,9,cell,43.2166324,elife-33927-fig1-data1-v1.xlsx,Figure 1H,271,I271,J271
environment,GGSGGS,54,9,cell,40.8289477,elife-33927-fig1-data1-v1.xlsx,Figure 1H,272,I272,J272
environment,GGSGGS,54,9,cell,44.6579517,elife-33927-fig1-data1-v1.xlsx,Figure 1H,273,I273,J273
environment,GGSGGS,54,9,cell,39.1443027,elife-33927-fig1-data1-v1.xlsx,Figure 1H,274,I274,J274
environment,GGSGGS,54,9,cell,35.385980599999996,elife-33927-fig1-data1-v1.xlsx,Figure 1H,275,I275,J275
environment,GGSGGS,54,9,cell,37.7794488,elife-33927-fig1-data1-v1.xlsx,Figure 1H,276,I276,J276
environment,GGSGGS,54,9,cell,29.6653788,elife-33927-fig1-data1-v1.xlsx,Figure 1H,277,I277,J277
environment,GGSGGS,54,9,cell,40.392034100000004,elife-33927-fig1-data1-v1.xlsx,Figure 1H,278,I278,J278
environment,GGSGGS,54,9,cell,49.6812376,elife-33927-fig1-data1-v1.xlsx,Figure 1H,279,I279,J279
environment,GGSGGS,54,9,cell,33.6436425,elife-33927-fig1-data1-v1.xlsx,Figure 1H,280,I280,J280
environment,GGSGGS,54,9,cell,24.2098473,elife-33927-fig1-data1-v1.xlsx,Figure 1H,281,I281,J281
environment,GGSGGS,54,9,cell,26.98085,elife-33927-fig1-data1-v1.xlsx,Figure 1H,282,I282,J282
environment,GGSGGS,54,9,cell,42.659941,elife-33927-fig1-data1-v1.xlsx,Figure 1H,283,I283,J283
