movie,erosion_radius_px,source_frame_index,time_s,center_um,displacement_from_first_retained_um,author_center_filter_retained,fit_failed,fit_warning,fit_rmse_intensity,fit_nrmse,area_px,boundary_pixels
control,1,1,0.0,0.54377244,0.0,True,False,,43.23013083,0.07637832,10378,1167
control,1,2,2.78794348,0.54737395,0.0036015099999999745,True,False,,45.92984115,0.08649688,10387,1168
control,1,3,5.57588696,0.77901158,0.23523914,True,False,,38.20444278,0.08836802,10378,1157
control,1,4,8.36383043,0.57042681,0.026654369999999927,True,False,,43.29883867,0.07787561,10364,1161
control,1,5,11.15177391,0.34192149,-0.20185095000000003,True,False,,38.05479076,0.08768385,10368,1153
control,1,6,13.93971739,0.72933913,0.18556668999999992,True,False,,41.30850321,0.08739458,10384,1171
control,1,7,16.72766087,0.78711924,0.24334679999999997,True,False,,43.37651553,0.0902424,10391,1168
control,1,8,19.51560435,0.31606274,-0.22770970000000001,True,False,,35.29180167,0.11040188,10408,1168
control,1,9,22.30354783,0.53964988,-0.004122559999999997,True,False,,33.41300264,0.09684928,10412,1173
control,1,10,25.0914913,0.89138492,0.34761248,True,False,,40.03347789,0.09638879,10404,1171
control,1,11,27.87943478,0.49588737,-0.04788507000000003,True,False,,39.32735997,0.0975865,10423,1168
control,1,12,30.66737826,0.16406204,-0.3797104,True,False,,37.38911761,0.09856534,10406,1164
control,1,13,33.45532174,0.80334962,0.25957717999999996,True,False,,36.91643929,0.10879108,10420,1175
control,1,14,36.24326522,0.50840536,-0.035367079999999995,True,False,,37.09971063,0.11557542,10421,1167
control,1,15,39.0312087,0.01100852,-0.5327639200000001,True,False,,38.04370129,0.12051859,10434,1164
control,1,16,41.81915217,0.19847017,-0.34530227,True,False,,35.07861832,0.10266913,10454,1166
control,1,17,44.60709565,-0.12767223,-0.6714446700000001,True,False,,35.74169497,0.10819887,10444,1170
control,1,18,47.39503913,0.01316705,-0.5306053900000001,True,False,,38.19432834,0.10341425,10448,1172
control,1,19,50.18298261,-0.03915618,-0.58292862,True,False,,39.85156212,0.11162903,10477,1169
control,1,20,52.97092609,0.06845743,-0.47531501000000004,True,False,,36.40196508,0.11269958,10488,1170
control,1,21,55.75886957,0.1094155,-0.43435694,True,False,,35.01212049,0.091815,10472,1167
control,1,22,58.54681304,-0.4753134,-1.01908584,True,False,,37.53094216,0.11914585,10501,1180
control,1,23,61.33475652,0.18506726,-0.35870518,True,False,,32.86414552,0.12464278,10522,1177
control,1,24,64.1227,-0.16882597,-0.71259841,True,False,,31.72125903,0.11195738,10508,1176
control,1,25,66.91064348,-0.56613349,-1.10990593,True,False,,36.32416383,0.11007322,10518,1174
control,1,26,69.69858696,-0.45509004,-0.99886248,True,False,,37.23456945,0.10295273,10524,1177
control,1,27,72.48653043,-0.23541994,-0.77919238,True,False,,35.78354408,0.13027989,10542,1172
control,1,28,75.27447391,0.34219543,-0.20157701,True,False,,34.59985102,0.11456904,10552,1177
control,1,29,78.06241739,-0.07928607,-0.62305851,True,False,,36.73358726,0.122718,10544,1166
control,1,30,80.85036087,-0.17321524,-0.71698768,True,False,,34.63453216,0.11343187,10564,1171
control,1,31,83.63830435,0.15359161,-0.39018083000000003,True,False,,37.23072822,0.12521545,10556,1176
control,1,32,86.42624783,-0.24574828,-0.7895207200000001,True,False,,35.57564907,0.11036913,10574,1178
control,1,33,89.2141913,0.10881526,-0.43495718000000005,True,False,,34.89754662,0.1234583,10571,1178
control,1,34,92.00213478,0.16790048,-0.37587196,True,False,,32.73117749,0.11859122,10583,1192
control,1,35,94.79007826,0.12308585,-0.42068659,True,False,,35.28563177,0.10207994,10575,1184
control,1,36,97.57802174,0.03935835,-0.50441409,True,False,,36.44052561,0.10481455,10562,1188
control,1,37,100.36596522,-0.60774045,-1.15151289,True,False,,35.87588578,0.10677347,10586,1187
control,1,38,103.1539087,,,False,True,Optimal parameters not found: Number of calls to function has reached maxfev = 1000.,,,10589,1179
control,1,39,105.94185217,0.36938451,-0.17438793000000002,True,False,,33.05369463,0.13868683,10629,1183
control,1,40,108.72979565,-0.89040141,-1.43417385,True,False,,36.19099306,0.11477059,10629,1187
control,1,41,111.51773913,0.24893514,-0.2948373,True,False,,35.09006991,0.1434199,10648,1189
control,1,42,114.30568261,-0.02527563,-0.56904807,True,False,,33.80760205,0.1303635,10679,1181
control,1,43,117.09362609,0.84812711,0.30435466999999994,True,False,,35.00468525,0.1131617,10665,1195
control,1,44,119.88156957,0.44680119,-0.09697125000000001,True,False,,34.34835586,0.1343482,10651,1188
control,1,45,122.66951304,-0.20221616,-0.7459886,True,False,,34.71719979,0.10425586,10690,1193
control,1,46,125.45745652,-0.03671009,-0.58048253,True,False,,33.33889376,0.13108346,10647,1193
control,1,47,128.2454,-0.34356681,-0.88733925,True,False,,36.61338934,0.09245805,10683,1199
control,1,48,131.03334348,-0.07537444,-0.6191468800000001,True,False,,39.51641674,0.11431943,10684,1217
control,1,49,133.82128696,0.16990235,-0.37387009000000004,True,False,,38.6328486,0.14877862,10700,1198
control,1,50,136.60923043,0.12787304,-0.41589940000000003,True,False,,35.35500271,0.12934757,10715,1202
control,1,51,139.39717391,0.88287418,0.33910173999999993,True,False,,36.50830958,0.15668802,10725,1203
control,1,52,142.18511739,0.26193116,-0.28184128,True,False,,37.07118927,0.15297602,10720,1197
control,1,53,144.97306087,0.05715001,-0.48662243000000005,True,False,,35.5793875,0.14443594,10727,1193
control,1,54,147.76100435,-0.06202492,-0.6057973600000001,True,False,,37.62026421,0.11010809,10717,1199
control,1,55,150.54894783,0.01737742,-0.52639502,True,False,,35.13998531,0.11262816,10734,1208
control,1,56,153.3368913,0.24153205,-0.30224039,True,False,,38.67224173,0.13198717,10719,1191
control,1,57,156.12483478,0.91186792,0.36809548000000003,True,False,,36.2797424,0.11960355,10750,1206
control,1,58,158.91277826,1.0891831,0.54541066,True,False,,39.3687003,0.12471605,10729,1198
control,1,59,161.70072174,0.07231017,-0.47146227,True,False,,38.47802992,0.12868906,10754,1192
control,1,60,164.48866522,0.15089316,-0.39287928000000005,True,False,,38.75073349,0.11050589,10737,1210
control,2,1,0.0,0.50811637,0.0,True,False,,49.34080494,0.07335105,10037,1149
control,2,2,2.78794348,0.64664421,0.13852784000000007,True,False,,56.27708246,0.07695134,10046,1145
control,2,3,5.57588696,0.5318491,0.02373272999999998,True,False,,47.01736686,0.08371045,10038,1137
control,2,4,8.36383043,0.58984615,0.08172977999999997,True,False,,49.63001398,0.07596431,10023,1139
control,2,5,11.15177391,0.54227221,0.03415584000000005,True,False,,44.60620952,0.08046821,10031,1131
control,2,6,13.93971739,0.64398026,0.13586389,True,False,,46.34386931,0.0824624,10042,1148
control,2,7,16.72766087,0.74466537,0.236549,True,False,,50.44899786,0.08526591,10054,1150
control,2,8,19.51560435,0.54476822,0.03665185000000004,True,False,,39.98851045,0.0965906,10068,1150
control,2,9,22.30354783,0.44001389,-0.06810247999999997,True,False,,42.95125913,0.08874227,10071,1154
control,2,10,25.0914913,0.82409293,0.31597655999999996,True,False,,43.84548483,0.08293597,10062,1141
control,2,11,27.87943478,0.44308745,-0.06502891999999999,True,False,,42.95723607,0.08999421,10082,1144
control,2,12,30.66737826,0.40449989,-0.10361648000000001,True,False,,42.24430999,0.10261776,10067,1138
control,2,13,33.45532174,0.73403719,0.22592082000000002,True,False,,44.40166785,0.09603821,10078,1153
control,2,14,36.24326522,0.43374752,-0.07436884999999999,True,False,,46.89723195,0.09379446,10081,1147
control,2,15,39.0312087,0.29256854,-0.21554783,True,False,,45.42999611,0.11153027,10093,1138
control,2,16,41.81915217,0.40592418,-0.10219218999999996,True,False,,40.65573643,0.10013728,10112,1144
control,2,17,44.60709565,0.40905976,-0.09905660999999999,True,False,,44.99999438,0.10097231,10105,1150
control,2,18,47.39503913,19.77737762,19.26926125,False,False,,84.15666285,0.16490528,10107,1150
control,2,19,50.18298261,0.33968785,-0.16842851999999997,True,False,,47.38717335,0.09892938,10137,1147
control,2,20,52.97092609,0.26450668,-0.24360969,True,False,,43.30450985,0.10460027,10147,1148
control,2,21,55.75886957,0.24203349,-0.26608288,True,False,,42.13091818,0.10152028,10133,1145
control,2,22,58.54681304,-0.03494278,-0.5430591499999999,True,False,,43.06818955,0.10436556,10158,1156
control,2,23,61.33475652,0.46719922,-0.04091714999999996,True,False,,41.73314831,0.09796514,10179,1151
control,2,24,64.1227,20.07346284,19.56534647,False,False,,76.6660794,0.19742338,10167,1153
control,2,25,66.91064348,-0.20220991,-0.71032628,True,False,,44.63192929,0.10957102,10175,1148
control,2,26,69.69858696,36.84498361,36.33686724,False,False,Covariance of the parameters could not be estimated,78.99436519,0.18427923,10182,1151
control,2,27,72.48653043,-0.09964599,-0.60776236,True,False,,42.69509321,0.10101363,10198,1150
control,2,28,75.27447391,0.61063781,0.10252143999999996,True,False,,39.55231637,0.10482063,10207,1151
control,2,29,78.06241739,0.33069452,-0.17742185,True,False,,41.73567963,0.09843321,10202,1142
control,2,30,80.85036087,0.34979496,-0.15832141,True,False,,40.14886222,0.09658908,10224,1151
control,2,31,83.63830435,0.44846493,-0.05965144,True,False,,42.44951296,0.10481361,10214,1156
control,2,32,86.42624783,0.24191358,-0.26620279,True,False,,42.24853088,0.09551288,10232,1158
control,2,33,89.2141913,0.47414203,-0.03397433999999999,True,False,,38.91428614,0.11236079,10227,1158
control,2,34,92.00213478,,,False,True,Optimal parameters not found: Number of calls to function has reached maxfev = 1000.,,,10239,1166
control,2,35,94.79007826,0.39933998,-0.10877639,True,False,,44.86398784,0.11197335,10232,1162
control,2,36,97.57802174,0.33441966,-0.17369670999999998,True,False,,41.87215014,0.10885308,10216,1160
control,2,37,100.36596522,0.09773214,-0.41038423,True,False,,41.28139257,0.09375032,10240,1161
control,2,38,103.1539087,-0.02039458,-0.52851095,True,False,,41.59296747,0.10583452,10245,1157
control,2,39,105.94185217,0.52327885,0.015162479999999978,True,False,,38.3184634,0.11393002,10283,1157
control,2,40,108.72979565,-0.29194512,-0.80006149,True,False,,41.9756943,0.10034031,10286,1170
control,2,41,111.51773913,0.66419804,0.15608167000000006,True,False,,39.74193698,0.11851472,10303,1168
control,2,42,114.30568261,0.42765257,-0.08046379999999997,True,False,,38.27675575,0.1170543,10335,1161
control,2,43,117.09362609,0.722975,0.21485863000000005,True,False,,38.67172472,0.11049064,10316,1169
control,2,44,119.88156957,0.20072046,-0.30739591,True,False,,39.00906154,0.10805834,10303,1158
control,2,45,122.66951304,0.33081409,-0.17730227999999998,True,False,,42.06405145,0.1246958,10342,1170
control,2,46,125.45745652,0.01697174,-0.49114462999999997,True,False,,37.99825927,0.12337097,10300,1164
control,2,47,128.2454,0.30465581,-0.20346055999999996,True,False,,39.58833612,0.10445471,10334,1169
control,2,48,131.03334348,0.14365927,-0.3644571,True,False,,46.17364657,0.0993694,10329,1180
control,2,49,133.82128696,0.39232394,-0.11579243,True,False,,43.50973111,0.11633618,10351,1174
control,2,50,136.60923043,0.70310449,0.19498812,True,False,,40.63016499,0.11880165,10364,1176
control,2,51,139.39717391,1.10933368,0.60121731,True,False,,42.64919534,0.12350153,10372,1171
control,2,52,142.18511739,0.4762267,-0.03188966999999998,True,False,,44.07780502,0.13356911,10372,1174
control,2,53,144.97306087,0.54244497,0.03432860000000004,True,False,,40.96618985,0.12216558,10377,1165
control,2,54,147.76100435,0.26277195,-0.24534442,True,False,,42.22891879,0.12240266,10369,1177
control,2,55,150.54894783,0.65651765,0.14840127999999997,True,False,,41.78024551,0.10758862,10387,1190
control,2,56,153.3368913,0.98365883,0.47554246,True,False,,45.06072317,0.12505289,10371,1171
control,2,57,156.12483478,0.89421587,0.38609950000000004,True,False,,41.98921709,0.10621218,10394,1170
control,2,58,158.91277826,1.02219999,0.5140836200000001,True,False,,44.43128828,0.14030933,10380,1179
control,2,59,161.70072174,0.53224467,0.02412829999999999,True,False,,43.66436599,0.11833162,10406,1172
control,2,60,164.48866522,0.66865388,0.16053751000000005,True,False,,44.57918154,0.10639423,10384,1180
control,3,1,0.0,0.6478454,0.0,True,False,,60.03123409,0.08559587,9662,1122
control,3,2,2.78794348,0.63478819,-0.013057210000000041,True,False,,63.18421043,0.0992942,9673,1128
control,3,3,5.57588696,0.4479654,-0.19988,True,False,,57.70380553,0.08100675,9659,1113
control,3,4,8.36383043,0.66817894,0.020333539999999983,True,False,,59.70411345,0.08373648,9647,1122
control,3,5,11.15177391,0.53499937,-0.11284603000000004,True,False,,57.83770851,0.08839181,9656,1115
control,3,6,13.93971739,0.56787529,-0.07997010999999998,True,False,,55.68517939,0.09374609,9661,1125
control,3,7,16.72766087,0.52264499,-0.12520041000000004,True,False,,55.48899877,0.09176791,9672,1132
control,3,8,19.51560435,0.48860833,-0.15923707000000004,True,False,,46.11661364,0.08966289,9695,1134
control,3,9,22.30354783,0.5361029,-0.11174249999999997,True,False,,53.866949,0.0931417,9696,1136
control,3,10,25.0914913,0.66034975,0.012504349999999942,True,False,,53.87509176,0.08788759,9688,1133
control,3,11,27.87943478,0.49558674,-0.15225866,True,False,,53.19296076,0.10203253,9702,1133
control,3,12,30.66737826,0.51519956,-0.13264584000000001,True,False,,53.02372903,0.09770957,9690,1130
control,3,13,33.45532174,0.4687963,-0.17904910000000002,True,False,,55.32313433,0.09751434,9699,1140
control,3,14,36.24326522,0.46195158,-0.18589382000000004,True,False,,54.63996637,0.09497097,9707,1131
control,3,15,39.0312087,0.44945645,-0.19838895,True,False,,55.83122812,0.09692922,9716,1124
control,3,16,41.81915217,0.23576445,-0.41208095,True,False,,55.92766234,0.10639378,9736,1133
control,3,17,44.60709565,0.64546636,-0.002379039999999999,True,False,,55.70470718,0.09457505,9723,1141
control,3,18,47.39503913,0.38205057,-0.26579483000000004,True,False,,55.5295838,0.10059707,9733,1137
control,3,19,50.18298261,0.58744415,-0.06040124999999996,True,False,,55.1439836,0.10523661,9758,1129
control,3,20,52.97092609,26.43266798,25.78482258,False,False,Covariance of the parameters could not be estimated,104.46304535,0.18380594,9766,1127
control,3,21,55.75886957,0.59563487,-0.05221052999999998,True,False,,55.31287957,0.09653208,9752,1131
control,3,22,58.54681304,0.29407351,-0.35377189000000003,True,False,,57.04126738,0.10517751,9779,1144
control,3,23,61.33475652,0.421621,-0.2262244,True,False,,50.80303096,0.09788638,9793,1137
control,3,24,64.1227,0.08285513,-0.56499027,True,False,,50.79085226,0.10791258,9788,1138
control,3,25,66.91064348,0.178432,-0.4694134,True,False,,51.50993567,0.10813842,9790,1128
control,3,26,69.69858696,0.09073004,-0.5571153600000001,True,False,,47.79188272,0.09513978,9799,1139
control,3,27,72.48653043,0.32109524,-0.32675016,True,False,,51.2659239,0.10725089,9819,1131
control,3,28,75.27447391,0.6723367,0.024491299999999994,True,False,,48.72912828,0.09159611,9830,1138
control,3,29,78.06241739,0.40297131,-0.24487409,True,False,,49.47257265,0.10407975,9819,1131
control,3,30,80.85036087,0.55962326,-0.08822214000000006,True,False,,47.84676852,0.09254694,9841,1136
control,3,31,83.63830435,0.37902165,-0.26882375000000003,True,False,,48.28775099,0.11221011,9828,1147
control,3,32,86.42624783,0.36742773,-0.28041767,True,False,,47.43386484,0.10402163,9854,1147
control,3,33,89.2141913,0.50412265,-0.14372275,True,False,,42.41608496,0.1094138,9843,1141
control,3,34,92.00213478,0.4182002,-0.2296452,True,False,,46.63682852,0.12155559,9855,1161
control,3,35,94.79007826,0.50636422,-0.14148117999999998,True,False,,53.30228101,0.10492575,9847,1147
control,3,36,97.57802174,0.67994547,0.032100070000000036,True,False,,50.31628818,0.10016514,9831,1152
control,3,37,100.36596522,0.28829996,-0.35954544,True,False,,42.41027243,0.09530398,9852,1147
control,3,38,103.1539087,-0.00019247,-0.64803787,True,False,,44.82947387,0.10907415,9863,1147
control,3,39,105.94185217,0.36273558,-0.28510982,True,False,,40.21028908,0.10154113,9898,1145
control,3,40,108.72979565,-0.14394185,-0.79178725,True,False,,43.4624294,0.09803556,9892,1152
control,3,41,111.51773913,0.4953741,-0.15247130000000003,True,False,,41.17674231,0.11427403,9919,1157
control,3,42,114.30568261,0.40517879,-0.24266661,True,False,,42.24200433,0.11067774,9945,1150
control,3,43,117.09362609,0.41268987,-0.23515553,True,False,,40.66372043,0.10571158,9928,1152
control,3,44,119.88156957,-0.17051233,-0.81835773,True,False,,43.82713652,0.11170893,9920,1151
control,3,45,122.66951304,0.31591678,-0.33192862,True,False,,46.14592455,0.12261982,9957,1153
control,3,46,125.45745652,0.06399656,-0.58384884,True,False,,42.25966668,0.11837442,9914,1158
control,3,47,128.2454,0.06414251,-0.58370289,True,False,,42.27969456,0.09712028,9946,1152
control,3,48,131.03334348,0.45645673,-0.19138867000000004,True,False,,46.37613788,0.10009238,9945,1167
control,3,49,133.82128696,-0.03483577,-0.6826811700000001,True,False,,44.72154454,0.10952215,9967,1156
control,3,50,136.60923043,0.63914289,-0.008702509999999997,True,False,,43.46336663,0.11012677,9975,1161
control,3,51,139.39717391,0.51855772,-0.12928768000000002,True,False,,46.17801074,0.11621983,9991,1170
control,3,52,142.18511739,0.26532109,-0.38252431000000003,True,False,,45.01669711,0.11226109,9979,1157
control,3,53,144.97306087,0.6058569,-0.041988499999999984,True,False,,44.13485942,0.13306993,9992,1152
control,3,54,147.76100435,0.44018419,-0.20766121000000004,True,False,,47.71979112,0.11554429,9981,1158
control,3,55,150.54894783,0.45361016,-0.19423524000000003,True,False,,47.2035338,0.11522425,9992,1167
control,3,56,153.3368913,0.6772452,0.029399799999999976,True,False,,48.07681211,0.10157073,9983,1156
control,3,57,156.12483478,0.38722961,-0.26061579,True,False,,43.60846031,0.10984499,10010,1162
control,3,58,158.91277826,0.5401126,-0.10773279999999996,True,False,,45.15270269,0.10959394,9995,1166
control,3,59,161.70072174,0.82961266,0.18176725999999999,True,False,,47.82399674,0.11208749,10016,1161
control,3,60,164.48866522,0.23489839,-0.41294701,True,False,,47.40340779,0.10989971,10003,1171
protrusion,1,1,0.0,0.66264119,0.0,True,False,,23.29443714,0.07604278,11284,1338
protrusion,1,2,2.79012319,0.46474522,-0.19789596999999998,True,False,,24.36955459,0.0915002,11269,1367
protrusion,1,3,5.58024638,0.48686133,-0.17577986,True,False,,22.98769227,0.11688657,11193,1376
protrusion,1,4,8.37036957,0.43398702,-0.22865417,True,False,,22.97072899,0.086682,11240,1371
protrusion,1,5,11.16049275,1.07980071,0.41715952,True,False,,22.55739637,0.0914489,11236,1349
protrusion,1,6,13.95061594,0.71212708,0.04948589000000003,True,False,,21.18471097,0.12105549,11213,1324
protrusion,1,7,16.74073913,0.54383366,-0.11880753,True,False,,23.38401466,0.10825933,11193,1312
protrusion,1,8,19.53086232,0.01547559,-0.6471656,True,False,,17.71130148,0.11092673,11154,1288
protrusion,1,9,22.32098551,0.59259982,-0.07004136999999999,True,False,,25.01277219,0.07849196,11169,1263
protrusion,1,10,25.1111087,0.119665,-0.54297619,True,False,,23.77328728,0.10724791,11151,1276
protrusion,1,11,27.90123188,2.25284659,1.5902053999999999,True,False,,36.36616833,0.07307335,11134,1289
protrusion,1,12,30.69135507,0.20953843,-0.45310276,True,False,,20.20692518,0.09129635,11106,1258
protrusion,1,13,33.48147826,1.70986439,1.0472232,True,False,,34.56427512,0.08499412,11107,1245
protrusion,1,14,36.27160145,1.51512927,0.8524880800000001,True,False,,17.03429038,0.08735534,11120,1231
protrusion,1,15,39.06172464,1.8223619,1.15972071,True,False,,15.47498062,0.11434715,11075,1234
protrusion,1,16,41.85184783,2.02310855,1.36046736,True,False,,24.06909632,0.07220729,11104,1199
protrusion,1,17,44.64197101,2.3607561,1.6981149100000001,True,False,,32.28972006,0.09296465,11081,1184
protrusion,1,18,47.4320942,1.60225729,0.9396161000000001,True,False,,18.73302989,0.09509152,11046,1189
protrusion,1,19,50.22221739,2.15831717,1.4956759800000001,True,False,,23.22815031,0.11537161,11038,1189
protrusion,1,20,53.01234058,2.98830957,2.32566838,True,False,,30.48201523,0.08725768,11032,1173
protrusion,1,21,55.80246377,2.15399269,1.4913515,True,False,,18.96817358,0.10479654,10976,1187
protrusion,1,22,58.59258696,3.36091424,2.69827305,True,False,,22.41551093,0.10556756,10944,1194
protrusion,2,1,0.0,1.47012236,0.0,True,False,,29.78711033,0.09308472,10898,1282
protrusion,2,2,2.79012319,1.64823627,0.17811391,True,False,,33.07935537,0.08697464,10876,1299
protrusion,2,3,5.58024638,1.08722217,-0.38290019,True,False,,31.50522503,0.08312724,10796,1311
protrusion,2,4,8.37036957,2.31879498,0.8486726199999999,True,False,,37.4528478,0.07075475,10845,1317
protrusion,2,5,11.16049275,2.15710406,0.6869817,True,False,,35.67127531,0.08016017,10846,1291
protrusion,2,6,13.95061594,1.93267426,0.4625519,True,False,,33.96822282,0.08401044,10829,1262
protrusion,2,7,16.74073913,2.45346963,0.9833472699999999,True,False,,39.85858056,0.09298269,10815,1260
protrusion,2,8,19.53086232,1.33115507,-0.13896728999999985,True,False,,22.52665345,0.08833982,10787,1252
protrusion,2,9,22.32098551,1.82200028,0.35187791999999996,True,False,,38.30484854,0.06897632,10810,1231
protrusion,2,10,25.1111087,0.95780792,-0.5123144399999999,True,False,,31.15947703,0.08760865,10784,1236
protrusion,2,11,27.90123188,4.4126407,2.94251834,True,False,,22.58407271,0.03463815,10766,1245
protrusion,2,12,30.69135507,1.8180693,0.34794694000000015,True,False,,32.45369785,0.07770239,10747,1219
protrusion,2,13,33.48147826,4.03197103,2.5618486700000003,True,False,,22.63820586,0.03729523,10751,1213
protrusion,2,14,36.27160145,4.32150682,2.85138446,True,False,,18.14159445,0.06122023,10767,1190
protrusion,2,15,39.06172464,3.29951681,1.8293944500000001,True,False,,25.26763425,0.08653299,10719,1191
protrusion,2,16,41.85184783,4.72027279,3.25015043,True,False,,20.60693864,0.04102244,10763,1177
protrusion,2,17,44.64197101,4.64604202,3.1759196600000004,True,False,,19.92606331,0.02911748,10743,1159
protrusion,2,18,47.4320942,4.0475801,2.5774577400000003,True,False,,15.5966872,0.046511,10705,1164
protrusion,2,19,50.22221739,-30.98605934,-32.4561817,False,False,Covariance of the parameters could not be estimated,43.76978932,0.09648006,10696,1155
protrusion,2,20,53.01234058,4.17133484,2.70121248,True,False,,17.16284191,0.03200033,10692,1142
protrusion,2,21,55.80246377,4.16720245,2.6970800899999996,True,False,,18.81193351,0.04599495,10635,1138
protrusion,2,22,58.59258696,-16.93863541,-18.40875777,False,False,,45.81495848,0.09551416,10600,1167
protrusion,3,1,0.0,4.08383698,0.0,True,False,,33.75758957,0.04710361,10463,1249
protrusion,3,2,2.79012319,4.41950205,0.3356650700000001,True,False,,31.32517991,0.04629337,10434,1268
protrusion,3,3,5.58024638,4.20845791,0.12462092999999985,True,False,,28.41736872,0.05608691,10348,1278
protrusion,3,4,8.37036957,4.11582616,0.03198918000000006,True,False,,28.35906306,0.03835761,10397,1283
protrusion,3,5,11.16049275,-16.12208615,-20.205923130000002,False,False,,78.62405829,0.07387165,10415,1279
protrusion,3,6,13.95061594,-16.15568276,-20.239519740000002,False,False,,69.04571249,0.10879051,10398,1232
protrusion,3,7,16.74073913,4.16817074,0.08433375999999981,True,False,,21.25399895,0.03050813,10383,1231
protrusion,3,8,19.53086232,-16.10154755,-20.18538453,False,False,,57.97179007,0.07506058,10360,1240
protrusion,3,9,22.32098551,4.53793424,0.45409726000000017,True,False,,19.39114826,0.02302075,10390,1220
protrusion,3,10,25.1111087,4.07898735,-0.004849629999999827,True,False,,18.72003688,0.02836369,10366,1227
protrusion,3,11,27.90123188,-0.62148226,-4.70531924,False,False,,86.80229294,0.09060782,10341,1228
protrusion,3,12,30.69135507,-0.66027616,-4.74411314,False,False,,62.54119157,0.0825808,10330,1216
protrusion,3,13,33.48147826,3.72105822,-0.36277875999999987,True,False,,19.29652438,0.02140095,10338,1206
protrusion,3,14,36.27160145,-16.60932892,-20.6931659,False,False,,68.09670788,0.08304477,10364,1188
protrusion,3,15,39.06172464,-3.33685656,-7.42069354,False,False,,54.16176769,0.10963921,10316,1180
protrusion,3,16,41.85184783,-0.0001038,-4.08394078,False,False,,64.79604629,0.08859988,10361,1165
protrusion,3,17,44.64197101,4.34065885,0.25682186999999956,True,False,,12.65935213,0.01496377,10349,1148
protrusion,3,18,47.4320942,-4.59343276,-8.67726974,False,False,,58.98288118,0.08523538,10313,1171
protrusion,3,19,50.22221739,3.99691433,-0.08692264999999999,True,False,,17.78019044,0.02371746,10306,1153
protrusion,3,20,53.01234058,4.00223054,-0.08160643999999984,True,False,,15.48042366,0.01915104,10310,1139
protrusion,3,21,55.80246377,-1.61552605,-5.69936303,False,False,,51.50485395,0.09555632,10254,1147
protrusion,3,22,58.59258696,1.91263818,-2.1711988,True,False,,69.40387898,0.09670768,10219,1161
